symbol,timestamp,price
AAPL,2024-01-02 09:00:00+00:00,190.2
AAPL,2024-01-02 09:01:00+00:00,190.0
AAPL,2024-01-02 09:02:00+00:00,189.82
AAPL,2024-01-02 09:03:00+00:00,189.87
AAPL,2024-01-02 09:04:00+00:00,189.9
AAPL,2024-01-02 09:05:00+00:00,189.94
AAPL,2024-01-02 09:06:00+00:00,189.95
AAPL,2024-01-02 09:07:00+00:00,189.99
AAPL,2024-01-02 09:08:00+00:00,189.96
AAPL,2024-01-02 09:09:00+00:00,189.98
AAPL,2024-01-02 09:10:00+00:00,189.97
AAPL,2024-01-02 09:11:00+00:00,189.92
AAPL,2024-01-02 09:13:00+00:00,189.9
AAPL,2024-01-02 09:14:00+00:00,189.97
AAPL,2024-01-02 09:17:00+00:00,189.97
AAPL,2024-01-02 09:19:00+00:00,190.0
AAPL,2024-01-02 09:21:00+00:00,190.03
AAPL,2024-01-02 09:22:00+00:00,190.05
AAPL,2024-01-02 09:23:00+00:00,190.1
AAPL,2024-01-02 09:24:00+00:00,190.1
AAPL,2024-01-02 09:25:00+00:00,190.09
AAPL,2024-01-02 09:26:00+00:00,190.1
AAPL,2024-01-02 09:27:00+00:00,190.1
AAPL,2024-01-02 09:29:00+00:00,190.05
AAPL,2024-01-02 09:30:00+00:00,190.05
AAPL,2024-01-02 09:33:00+00:00,190.09
AAPL,2024-01-02 09:35:00+00:00,190.07
AAPL,2024-01-02 09:36:00+00:00,190.08
AAPL,2024-01-02 09:37:00+00:00,190.0
AAPL,2024-01-02 09:38:00+00:00,189.99
AAPL,2024-01-02 09:39:00+00:00,189.95
AAPL,2024-01-02 09:40:00+00:00,189.88
AAPL,2024-01-02 09:44:00+00:00,189.89
AAPL,2024-01-02 09:46:00+00:00,189.91
AAPL,2024-01-02 09:47:00+00:00,189.9
AAPL,2024-01-02 09:55:00+00:00,189.89
AAPL,2024-01-02 09:58:00+00:00,189.95
AAPL,2024-01-02 10:01:00+00:00,190.0
AAPL,2024-01-02 10:03:00+00:00,190.0
AAPL,2024-01-02 10:05:00+00:00,190.06
AAPL,2024-01-02 10:06:00+00:00,190.08
AAPL,2024-01-02 10:08:00+00:00,190.1
AAPL,2024-01-02 10:09:00+00:00,190.1
AAPL,2024-01-02 10:11:00+00:00,190.1
AAPL,2024-01-02 10:13:00+00:00,190.12
AAPL,2024-01-02 10:17:00+00:00,190.15
AAPL,2024-01-02 10:18:00+00:00,190.15
AAPL,2024-01-02 10:19:00+00:00,190.2
AAPL,2024-01-02 10:20:00+00:00,190.2
AAPL,2024-01-02 10:21:00+00:00,190.24
AAPL,2024-01-02 10:27:00+00:00,190.05
AAPL,2024-01-02 10:28:00+00:00,190.05
AAPL,2024-01-02 10:30:00+00:00,190.01
AAPL,2024-01-02 10:36:00+00:00,190.1
AAPL,2024-01-02 10:43:00+00:00,190.15
AAPL,2024-01-02 10:45:00+00:00,190.12
AAPL,2024-01-02 10:46:00+00:00,190.12
AAPL,2024-01-02 10:47:00+00:00,190.1
AAPL,2024-01-02 10:54:00+00:00,190.09
AAPL,2024-01-02 10:57:00+00:00,190.01
AAPL,2024-01-02 10:58:00+00:00,190.02
AAPL,2024-01-02 10:59:00+00:00,189.76
AAPL,2024-01-02 11:00:00+00:00,189.52
AAPL,2024-01-02 11:01:00+00:00,189.51
AAPL,2024-01-02 11:02:00+00:00,189.39
AAPL,2024-01-02 11:03:00+00:00,189.44
AAPL,2024-01-02 11:04:00+00:00,189.54
AAPL,2024-01-02 11:05:00+00:00,189.55
AAPL,2024-01-02 11:06:00+00:00,189.55
AAPL,2024-01-02 11:07:00+00:00,189.63
AAPL,2024-01-02 11:08:00+00:00,189.55
AAPL,2024-01-02 11:09:00+00:00,189.68
AAPL,2024-01-02 11:10:00+00:00,189.55
AAPL,2024-01-02 11:11:00+00:00,189.55
AAPL,2024-01-02 11:12:00+00:00,189.55
AAPL,2024-01-02 11:13:00+00:00,189.44
AAPL,2024-01-02 11:14:00+00:00,189.6
AAPL,2024-01-02 11:15:00+00:00,189.38
AAPL,2024-01-02 11:16:00+00:00,189.38
AAPL,2024-01-02 11:17:00+00:00,189.32
AAPL,2024-01-02 11:19:00+00:00,189.15
AAPL,2024-01-02 11:21:00+00:00,189.21
AAPL,2024-01-02 11:22:00+00:00,189.2
AAPL,2024-01-02 11:24:00+00:00,189.2
AAPL,2024-01-02 11:25:00+00:00,189.1
AAPL,2024-01-02 11:27:00+00:00,189.0
AAPL,2024-01-02 11:28:00+00:00,189.0
AAPL,2024-01-02 11:29:00+00:00,188.95
AAPL,2024-01-02 11:30:00+00:00,188.83
AAPL,2024-01-02 11:31:00+00:00,188.83
AAPL,2024-01-02 11:32:00+00:00,188.8
AAPL,2024-01-02 11:33:00+00:00,188.9
AAPL,2024-01-02 11:34:00+00:00,188.88
AAPL,2024-01-02 11:36:00+00:00,188.8
AAPL,2024-01-02 11:38:00+00:00,188.87
AAPL,2024-01-02 11:39:00+00:00,189.08
AAPL,2024-01-02 11:40:00+00:00,189.08
AAPL,2024-01-02 11:42:00+00:00,189.03
AAPL,2024-01-02 11:43:00+00:00,189.07
AAPL,2024-01-02 11:44:00+00:00,189.09
AAPL,2024-01-02 11:45:00+00:00,189.22
AAPL,2024-01-02 11:46:00+00:00,189.0
AAPL,2024-01-02 11:52:00+00:00,189.06
AAPL,2024-01-02 11:53:00+00:00,189.02
AAPL,2024-01-02 11:56:00+00:00,188.94
AAPL,2024-01-02 12:00:00+00:00,189.33
AAPL,2024-01-02 12:01:00+00:00,189.34
AAPL,2024-01-02 12:02:00+00:00,189.29
AAPL,2024-01-02 12:03:00+00:00,189.18
AAPL,2024-01-02 12:04:00+00:00,189.15
AAPL,2024-01-02 12:05:00+00:00,189.12
AAPL,2024-01-02 12:06:00+00:00,189.06
AAPL,2024-01-02 12:07:00+00:00,189.06
AAPL,2024-01-02 12:08:00+00:00,189.15
AAPL,2024-01-02 12:09:00+00:00,189.13
AAPL,2024-01-02 12:10:00+00:00,189.21
AAPL,2024-01-02 12:12:00+00:00,189.29
AAPL,2024-01-02 12:13:00+00:00,189.3
AAPL,2024-01-02 12:16:00+00:00,189.2
AAPL,2024-01-02 12:17:00+00:00,189.24
AAPL,2024-01-02 12:18:00+00:00,189.25
AAPL,2024-01-02 12:19:00+00:00,189.3
AAPL,2024-01-02 12:20:00+00:00,189.29
AAPL,2024-01-02 12:21:00+00:00,189.32
AAPL,2024-01-02 12:22:00+00:00,189.29
AAPL,2024-01-02 12:23:00+00:00,189.27
AAPL,2024-01-02 12:26:00+00:00,189.27
AAPL,2024-01-02 12:27:00+00:00,189.27
AAPL,2024-01-02 12:28:00+00:00,189.18
AAPL,2024-01-02 12:29:00+00:00,189.15
AAPL,2024-01-02 12:30:00+00:00,189.0
AAPL,2024-01-02 12:31:00+00:00,189.13
AAPL,2024-01-02 12:32:00+00:00,189.1
AAPL,2024-01-02 12:33:00+00:00,189.1
AAPL,2024-01-02 12:36:00+00:00,189.1
AAPL,2024-01-02 12:37:00+00:00,189.05
AAPL,2024-01-02 12:38:00+00:00,189.0
AAPL,2024-01-02 12:39:00+00:00,188.91
AAPL,2024-01-02 12:40:00+00:00,188.91
AAPL,2024-01-02 12:42:00+00:00,188.99
AAPL,2024-01-02 12:43:00+00:00,188.96
AAPL,2024-01-02 12:44:00+00:00,188.94
AAPL,2024-01-02 12:45:00+00:00,188.86
AAPL,2024-01-02 12:46:00+00:00,188.9
AAPL,2024-01-02 12:48:00+00:00,188.86
AAPL,2024-01-02 12:49:00+00:00,188.85
AAPL,2024-01-02 12:50:00+00:00,188.73
AAPL,2024-01-02 12:51:00+00:00,188.75
AAPL,2024-01-02 12:52:00+00:00,188.75
AAPL,2024-01-02 12:53:00+00:00,188.75
AAPL,2024-01-02 12:54:00+00:00,188.83
AAPL,2024-01-02 12:55:00+00:00,188.8
AAPL,2024-01-02 12:56:00+00:00,188.87
AAPL,2024-01-02 12:57:00+00:00,188.4
AAPL,2024-01-02 12:58:00+00:00,188.4
AAPL,2024-01-02 12:59:00+00:00,188.4
AAPL,2024-01-02 13:00:00+00:00,188.35
AAPL,2024-01-02 13:01:00+00:00,188.5
AAPL,2024-01-02 13:02:00+00:00,188.47
AAPL,2024-01-02 13:03:00+00:00,190.7
AAPL,2024-01-02 13:04:00+00:00,188.26
AAPL,2024-01-02 13:05:00+00:00,188.5
AAPL,2024-01-02 13:06:00+00:00,188.4005
AAPL,2024-01-02 13:07:00+00:00,188.4998
AAPL,2024-01-02 13:08:00+00:00,188.37
AAPL,2024-01-02 13:09:00+00:00,188.2
AAPL,2024-01-02 13:10:00+00:00,187.891
AAPL,2024-01-02 13:11:00+00:00,188.1
AAPL,2024-01-02 13:12:00+00:00,188.14
AAPL,2024-01-02 13:13:00+00:00,187.95
AAPL,2024-01-02 13:14:00+00:00,187.92
AAPL,2024-01-02 13:15:00+00:00,187.93
AAPL,2024-01-02 13:16:00+00:00,187.89
AAPL,2024-01-02 13:17:00+00:00,187.92
AAPL,2024-01-02 13:18:00+00:00,187.96
AAPL,2024-01-02 13:19:00+00:00,187.9599
AAPL,2024-01-02 13:20:00+00:00,187.99
AAPL,2024-01-02 13:21:00+00:00,187.99
AAPL,2024-01-02 13:22:00+00:00,188.0
AAPL,2024-01-02 13:23:00+00:00,187.9519
AAPL,2024-01-02 13:24:00+00:00,187.95
AAPL,2024-01-02 13:25:00+00:00,187.95
AAPL,2024-01-02 13:26:00+00:00,188.0
AAPL,2024-01-02 13:27:00+00:00,188.0
AAPL,2024-01-02 13:28:00+00:00,188.0
AAPL,2024-01-02 13:29:00+00:00,187.95
AAPL,2024-01-02 13:30:00+00:00,187.94
AAPL,2024-01-02 13:31:00+00:00,188.0
AAPL,2024-01-02 13:32:00+00:00,188.1673
AAPL,2024-01-02 13:33:00+00:00,188.2493
AAPL,2024-01-02 13:34:00+00:00,188.37
AAPL,2024-01-02 13:35:00+00:00,188.25
AAPL,2024-01-02 13:36:00+00:00,188.29
AAPL,2024-01-02 13:37:00+00:00,188.18
AAPL,2024-01-02 13:38:00+00:00,188.25
AAPL,2024-01-02 13:39:00+00:00,188.25
AAPL,2024-01-02 13:40:00+00:00,188.2
AAPL,2024-01-02 13:42:00+00:00,188.21
AAPL,2024-01-02 13:43:00+00:00,188.2101
AAPL,2024-01-02 13:44:00+00:00,188.38
AAPL,2024-01-02 13:45:00+00:00,188.39
AAPL,2024-01-02 13:46:00+00:00,188.36
AAPL,2024-01-02 13:47:00+00:00,188.29
AAPL,2024-01-02 13:48:00+00:00,188.2
AAPL,2024-01-02 13:49:00+00:00,188.2
AAPL,2024-01-02 13:50:00+00:00,188.18
AAPL,2024-01-02 13:51:00+00:00,188.2
AAPL,2024-01-02 13:52:00+00:00,188.19
AAPL,2024-01-02 13:53:00+00:00,188.2
AAPL,2024-01-02 13:54:00+00:00,188.18
AAPL,2024-01-02 13:55:00+00:00,188.2
AAPL,2024-01-02 13:56:00+00:00,188.19
AAPL,2024-01-02 13:57:00+00:00,188.2
AAPL,2024-01-02 13:58:00+00:00,188.12
AAPL,2024-01-02 13:59:00+00:00,188.1
AAPL,2024-01-02 14:00:00+00:00,188.1
AAPL,2024-01-02 14:01:00+00:00,188.0301
AAPL,2024-01-02 14:02:00+00:00,188.0
AAPL,2024-01-02 14:03:00+00:00,187.9
AAPL,2024-01-02 14:04:00+00:00,187.9
AAPL,2024-01-02 14:05:00+00:00,187.98
AAPL,2024-01-02 14:06:00+00:00,187.95
AAPL,2024-01-02 14:07:00+00:00,188.1643
AAPL,2024-01-02 14:08:00+00:00,188.1
AAPL,2024-01-02 14:09:00+00:00,188.15
AAPL,2024-01-02 14:10:00+00:00,188.1983
AAPL,2024-01-02 14:11:00+00:00,188.19
AAPL,2024-01-02 14:12:00+00:00,188.2
AAPL,2024-01-02 14:13:00+00:00,188.16
AAPL,2024-01-02 14:14:00+00:00,188.1606
AAPL,2024-01-02 14:15:00+00:00,188.18
AAPL,2024-01-02 14:16:00+00:00,188.19
AAPL,2024-01-02 14:17:00+00:00,188.3
AAPL,2024-01-02 14:18:00+00:00,188.47
AAPL,2024-01-02 14:19:00+00:00,188.5
AAPL,2024-01-02 14:20:00+00:00,188.47
AAPL,2024-01-02 14:21:00+00:00,188.47
AAPL,2024-01-02 14:22:00+00:00,188.45
AAPL,2024-01-02 14:23:00+00:00,188.46
AAPL,2024-01-02 14:24:00+00:00,188.33
AAPL,2024-01-02 14:25:00+00:00,188.08
AAPL,2024-01-02 14:26:00+00:00,188.0
AAPL,2024-01-02 14:27:00+00:00,187.44
AAPL,2024-01-02 14:28:00+00:00,187.29
AAPL,2024-01-02 14:29:00+00:00,187.14
AAPL,2024-01-02 14:30:00+00:00,187.83
AAPL,2024-01-02 14:31:00+00:00,187.765
AAPL,2024-01-02 14:32:00+00:00,188.2984
AAPL,2024-01-02 14:33:00+00:00,188.16
AAPL,2024-01-02 14:34:00+00:00,187.73
AAPL,2024-01-02 14:35:00+00:00,188.03
AAPL,2024-01-02 14:36:00+00:00,187.67
AAPL,2024-01-02 14:37:00+00:00,187.58
AAPL,2024-01-02 14:38:00+00:00,187.385
AAPL,2024-01-02 14:39:00+00:00,187.53
AAPL,2024-01-02 14:40:00+00:00,187.13
AAPL,2024-01-02 14:41:00+00:00,186.66
AAPL,2024-01-02 14:42:00+00:00,186.55
AAPL,2024-01-02 14:43:00+00:00,186.23
AAPL,2024-01-02 14:44:00+00:00,186.26
AAPL,2024-01-02 14:45:00+00:00,186.014
AAPL,2024-01-02 14:46:00+00:00,186.71
AAPL,2024-01-02 14:47:00+00:00,186.76
AAPL,2024-01-02 14:48:00+00:00,186.36
AAPL,2024-01-02 14:49:00+00:00,186.1
AAPL,2024-01-02 14:50:00+00:00,186.2218
AAPL,2024-01-02 14:51:00+00:00,186.46
AAPL,2024-01-02 14:52:00+00:00,186.28
AAPL,2024-01-02 14:53:00+00:00,186.25
AAPL,2024-01-02 14:54:00+00:00,186.28
AAPL,2024-01-02 14:55:00+00:00,186.26
AAPL,2024-01-02 14:56:00+00:00,186.055
AAPL,2024-01-02 14:57:00+00:00,186.255
AAPL,2024-01-02 14:58:00+00:00,186.34
AAPL,2024-01-02 14:59:00+00:00,186.52
AAPL,2024-01-02 15:00:00+00:00,186.8
AAPL,2024-01-02 15:01:00+00:00,186.83
AAPL,2024-01-02 15:02:00+00:00,186.6501
AAPL,2024-01-02 15:03:00+00:00,186.83
AAPL,2024-01-02 15:04:00+00:00,186.83
AAPL,2024-01-02 15:05:00+00:00,186.5545
AAPL,2024-01-02 15:06:00+00:00,186.85
AAPL,2024-01-02 15:07:00+00:00,186.9293
AAPL,2024-01-02 15:08:00+00:00,186.82
AAPL,2024-01-02 15:09:00+00:00,186.64
AAPL,2024-01-02 15:10:00+00:00,186.66
AAPL,2024-01-02 15:11:00+00:00,186.685
AAPL,2024-01-02 15:12:00+00:00,186.53
AAPL,2024-01-02 15:13:00+00:00,186.76
AAPL,2024-01-02 15:14:00+00:00,186.53
AAPL,2024-01-02 15:15:00+00:00,186.37
AAPL,2024-01-02 15:16:00+00:00,186.36
AAPL,2024-01-02 15:17:00+00:00,186.45
AAPL,2024-01-02 15:18:00+00:00,186.4064
AAPL,2024-01-02 15:19:00+00:00,186.48
AAPL,2024-01-02 15:20:00+00:00,186.4415
AAPL,2024-01-02 15:21:00+00:00,186.385
AAPL,2024-01-02 15:22:00+00:00,186.33
AAPL,2024-01-02 15:23:00+00:00,186.45
AAPL,2024-01-02 15:24:00+00:00,186.47
AAPL,2024-01-02 15:25:00+00:00,186.39
AAPL,2024-01-02 15:26:00+00:00,186.21
AAPL,2024-01-02 15:27:00+00:00,186.215
AAPL,2024-01-02 15:28:00+00:00,186.1101
AAPL,2024-01-02 15:29:00+00:00,186.1899
AAPL,2024-01-02 15:30:00+00:00,185.8
AAPL,2024-01-02 15:31:00+00:00,185.82
AAPL,2024-01-02 15:32:00+00:00,185.71
AAPL,2024-01-02 15:33:00+00:00,185.65
AAPL,2024-01-02 15:34:00+00:00,185.58
AAPL,2024-01-02 15:35:00+00:00,185.56
AAPL,2024-01-02 15:36:00+00:00,185.642
AAPL,2024-01-02 15:37:00+00:00,185.479
AAPL,2024-01-02 15:38:00+00:00,185.35
AAPL,2024-01-02 15:39:00+00:00,185.6
AAPL,2024-01-02 15:40:00+00:00,185.61
AAPL,2024-01-02 15:41:00+00:00,185.4772
AAPL,2024-01-02 15:42:00+00:00,185.3201
AAPL,2024-01-02 15:43:00+00:00,185.4
AAPL,2024-01-02 15:44:00+00:00,185.53
AAPL,2024-01-02 15:45:00+00:00,185.615
AAPL,2024-01-02 15:46:00+00:00,185.43
AAPL,2024-01-02 15:47:00+00:00,185.45
AAPL,2024-01-02 15:48:00+00:00,185.565
AAPL,2024-01-02 15:49:00+00:00,185.44
AAPL,2024-01-02 15:50:00+00:00,185.315
AAPL,2024-01-02 15:51:00+00:00,185.43
AAPL,2024-01-02 15:52:00+00:00,185.39
AAPL,2024-01-02 15:53:00+00:00,185.5197
AAPL,2024-01-02 15:54:00+00:00,185.545
AAPL,2024-01-02 15:55:00+00:00,185.5051
AAPL,2024-01-02 15:56:00+00:00,185.82
AAPL,2024-01-02 15:57:00+00:00,185.7399
AAPL,2024-01-02 15:58:00+00:00,185.62
AAPL,2024-01-02 15:59:00+00:00,185.89
AAPL,2024-01-02 16:00:00+00:00,186.085
AAPL,2024-01-02 16:01:00+00:00,186.17
AAPL,2024-01-02 16:02:00+00:00,186.31
AAPL,2024-01-02 16:03:00+00:00,186.17
AAPL,2024-01-02 16:04:00+00:00,186.3382
AAPL,2024-01-02 16:05:00+00:00,186.3101
AAPL,2024-01-02 16:06:00+00:00,186.44
AAPL,2024-01-02 16:07:00+00:00,186.4201
AAPL,2024-01-02 16:08:00+00:00,186.36
AAPL,2024-01-02 16:09:00+00:00,186.37
AAPL,2024-01-02 16:10:00+00:00,186.555
AAPL,2024-01-02 16:11:00+00:00,186.69
AAPL,2024-01-02 16:12:00+00:00,186.77
AAPL,2024-01-02 16:13:00+00:00,186.56
AAPL,2024-01-02 16:14:00+00:00,186.6
AAPL,2024-01-02 16:15:00+00:00,186.665
AAPL,2024-01-02 16:16:00+00:00,186.595
AAPL,2024-01-02 16:17:00+00:00,186.49
AAPL,2024-01-02 16:18:00+00:00,186.41
AAPL,2024-01-02 16:19:00+00:00,186.455
AAPL,2024-01-02 16:20:00+00:00,186.42
AAPL,2024-01-02 16:21:00+00:00,186.51
AAPL,2024-01-02 16:22:00+00:00,186.54
AAPL,2024-01-02 16:23:00+00:00,186.465
AAPL,2024-01-02 16:24:00+00:00,186.47
AAPL,2024-01-02 16:25:00+00:00,186.565
AAPL,2024-01-02 16:26:00+00:00,186.7338
AAPL,2024-01-02 16:27:00+00:00,186.765
AAPL,2024-01-02 16:28:00+00:00,186.755
AAPL,2024-01-02 16:29:00+00:00,186.805
AAPL,2024-01-02 16:30:00+00:00,186.88
AAPL,2024-01-02 16:31:00+00:00,186.9
AAPL,2024-01-02 16:32:00+00:00,186.995
AAPL,2024-01-02 16:33:00+00:00,186.9799
AAPL,2024-01-02 16:34:00+00:00,186.975
AAPL,2024-01-02 16:35:00+00:00,186.97
AAPL,2024-01-02 16:36:00+00:00,187.11
AAPL,2024-01-02 16:37:00+00:00,187.345
AAPL,2024-01-02 16:38:00+00:00,187.215
AAPL,2024-01-02 16:39:00+00:00,187.06
AAPL,2024-01-02 16:40:00+00:00,186.96
AAPL,2024-01-02 16:41:00+00:00,187.0336
AAPL,2024-01-02 16:42:00+00:00,186.905
AAPL,2024-01-02 16:43:00+00:00,186.92
AAPL,2024-01-02 16:44:00+00:00,186.96
AAPL,2024-01-02 16:45:00+00:00,187.06
AAPL,2024-01-02 16:46:00+00:00,187.1
AAPL,2024-01-02 16:47:00+00:00,187.105
AAPL,2024-01-02 16:48:00+00:00,187.0125
AAPL,2024-01-02 16:49:00+00:00,187.0388
AAPL,2024-01-02 16:50:00+00:00,186.93
AAPL,2024-01-02 16:51:00+00:00,186.94
AAPL,2024-01-02 16:52:00+00:00,186.83
AAPL,2024-01-02 16:53:00+00:00,186.915
AAPL,2024-01-02 16:54:00+00:00,186.715
AAPL,2024-01-02 16:55:00+00:00,186.71
AAPL,2024-01-02 16:56:00+00:00,186.8301
AAPL,2024-01-02 16:57:00+00:00,186.8864
AAPL,2024-01-02 16:58:00+00:00,186.8
AAPL,2024-01-02 16:59:00+00:00,186.7443
AAPL,2024-01-02 17:00:00+00:00,186.89
AAPL,2024-01-02 17:01:00+00:00,186.92
AAPL,2024-01-02 17:02:00+00:00,186.875
AAPL,2024-01-02 17:03:00+00:00,186.885
AAPL,2024-01-02 17:04:00+00:00,186.8386
AAPL,2024-01-02 17:05:00+00:00,186.785
AAPL,2024-01-02 17:06:00+00:00,186.7
AAPL,2024-01-02 17:07:00+00:00,186.83
AAPL,2024-01-02 17:08:00+00:00,186.91
AAPL,2024-01-02 17:09:00+00:00,186.85
AAPL,2024-01-02 17:10:00+00:00,186.79
AAPL,2024-01-02 17:11:00+00:00,186.805
AAPL,2024-01-02 17:12:00+00:00,186.67
AAPL,2024-01-02 17:13:00+00:00,186.7384
AAPL,2024-01-02 17:14:00+00:00,186.7941
AAPL,2024-01-02 17:15:00+00:00,186.775
AAPL,2024-01-02 17:16:00+00:00,186.7317
AAPL,2024-01-02 17:17:00+00:00,186.62
AAPL,2024-01-02 17:18:00+00:00,186.6221
AAPL,2024-01-02 17:19:00+00:00,186.6401
AAPL,2024-01-02 17:20:00+00:00,186.7
AAPL,2024-01-02 17:21:00+00:00,186.765
AAPL,2024-01-02 17:22:00+00:00,186.83
AAPL,2024-01-02 17:23:00+00:00,186.815
AAPL,2024-01-02 17:24:00+00:00,186.875
AAPL,2024-01-02 17:25:00+00:00,186.89
AAPL,2024-01-02 17:26:00+00:00,186.7976
AAPL,2024-01-02 17:27:00+00:00,186.874
AAPL,2024-01-02 17:28:00+00:00,186.78
AAPL,2024-01-02 17:29:00+00:00,186.615
AAPL,2024-01-02 17:30:00+00:00,186.54
AAPL,2024-01-02 17:31:00+00:00,186.63
AAPL,2024-01-02 17:32:00+00:00,186.64
AAPL,2024-01-02 17:33:00+00:00,186.59
AAPL,2024-01-02 17:34:00+00:00,186.75
AAPL,2024-01-02 17:35:00+00:00,186.81
AAPL,2024-01-02 17:36:00+00:00,186.8045
AAPL,2024-01-02 17:37:00+00:00,186.78
AAPL,2024-01-02 17:38:00+00:00,186.9103
AAPL,2024-01-02 17:39:00+00:00,186.9072
AAPL,2024-01-02 17:40:00+00:00,186.9441
AAPL,2024-01-02 17:41:00+00:00,186.98
AAPL,2024-01-02 17:42:00+00:00,186.895
AAPL,2024-01-02 17:43:00+00:00,186.89
AAPL,2024-01-02 17:44:00+00:00,186.88
AAPL,2024-01-02 17:45:00+00:00,186.7225
AAPL,2024-01-02 17:46:00+00:00,186.56
AAPL,2024-01-02 17:47:00+00:00,186.44
AAPL,2024-01-02 17:48:00+00:00,186.18
AAPL,2024-01-02 17:49:00+00:00,186.175
AAPL,2024-01-02 17:50:00+00:00,186.07
AAPL,2024-01-02 17:51:00+00:00,186.0849
AAPL,2024-01-02 17:52:00+00:00,186.0601
AAPL,2024-01-02 17:53:00+00:00,185.9929
AAPL,2024-01-02 17:54:00+00:00,186.025
AAPL,2024-01-02 17:55:00+00:00,185.96
AAPL,2024-01-02 17:56:00+00:00,185.98
AAPL,2024-01-02 17:57:00+00:00,185.9775
AAPL,2024-01-02 17:58:00+00:00,185.8459
AAPL,2024-01-02 17:59:00+00:00,185.878
AAPL,2024-01-02 18:00:00+00:00,185.8994
AAPL,2024-01-02 18:01:00+00:00,185.9247
AAPL,2024-01-02 18:02:00+00:00,185.87
AAPL,2024-01-02 18:03:00+00:00,185.89
AAPL,2024-01-02 18:04:00+00:00,185.85
AAPL,2024-01-02 18:05:00+00:00,185.885
AAPL,2024-01-02 18:06:00+00:00,185.81
AAPL,2024-01-02 18:07:00+00:00,185.795
AAPL,2024-01-02 18:08:00+00:00,185.705
AAPL,2024-01-02 18:09:00+00:00,185.68
AAPL,2024-01-02 18:10:00+00:00,185.725
AAPL,2024-01-02 18:11:00+00:00,185.755
AAPL,2024-01-02 18:12:00+00:00,185.715
AAPL,2024-01-02 18:13:00+00:00,185.76
AAPL,2024-01-02 18:14:00+00:00,185.75
AAPL,2024-01-02 18:15:00+00:00,185.7599
AAPL,2024-01-02 18:16:00+00:00,185.655
AAPL,2024-01-02 18:17:00+00:00,185.65
AAPL,2024-01-02 18:18:00+00:00,185.605
AAPL,2024-01-02 18:19:00+00:00,185.57
AAPL,2024-01-02 18:20:00+00:00,185.53
AAPL,2024-01-02 18:21:00+00:00,185.55
AAPL,2024-01-02 18:22:00+00:00,185.4699
AAPL,2024-01-02 18:23:00+00:00,185.415
AAPL,2024-01-02 18:24:00+00:00,185.51
AAPL,2024-01-02 18:25:00+00:00,185.485
AAPL,2024-01-02 18:26:00+00:00,185.57
AAPL,2024-01-02 18:27:00+00:00,185.335
AAPL,2024-01-02 18:28:00+00:00,185.3471
AAPL,2024-01-02 18:29:00+00:00,185.295
AAPL,2024-01-02 18:30:00+00:00,185.34
AAPL,2024-01-02 18:31:00+00:00,185.265
AAPL,2024-01-02 18:32:00+00:00,185.27
AAPL,2024-01-02 18:33:00+00:00,185.25
AAPL,2024-01-02 18:34:00+00:00,185.315
AAPL,2024-01-02 18:35:00+00:00,185.39
AAPL,2024-01-02 18:36:00+00:00,185.47
AAPL,2024-01-02 18:37:00+00:00,185.42
AAPL,2024-01-02 18:38:00+00:00,185.475
AAPL,2024-01-02 18:39:00+00:00,185.485
AAPL,2024-01-02 18:40:00+00:00,185.505
AAPL,2024-01-02 18:41:00+00:00,185.52
AAPL,2024-01-02 18:42:00+00:00,185.39
AAPL,2024-01-02 18:43:00+00:00,185.45
AAPL,2024-01-02 18:44:00+00:00,185.385
AAPL,2024-01-02 18:45:00+00:00,185.375
AAPL,2024-01-02 18:46:00+00:00,185.42
AAPL,2024-01-02 18:47:00+00:00,185.345
AAPL,2024-01-02 18:48:00+00:00,185.235
AAPL,2024-01-02 18:49:00+00:00,185.15
AAPL,2024-01-02 18:50:00+00:00,185.05
AAPL,2024-01-02 18:51:00+00:00,185.015
AAPL,2024-01-02 18:52:00+00:00,184.925
AAPL,2024-01-02 18:53:00+00:00,184.93
AAPL,2024-01-02 18:54:00+00:00,184.9499
AAPL,2024-01-02 18:55:00+00:00,184.9699
AAPL,2024-01-02 18:56:00+00:00,184.8421
AAPL,2024-01-02 18:57:00+00:00,184.9054
AAPL,2024-01-02 18:58:00+00:00,184.865
AAPL,2024-01-02 18:59:00+00:00,184.9083
AAPL,2024-01-02 19:00:00+00:00,184.92
AAPL,2024-01-02 19:01:00+00:00,184.8638
AAPL,2024-01-02 19:02:00+00:00,184.835
AAPL,2024-01-02 19:03:00+00:00,184.85
AAPL,2024-01-02 19:04:00+00:00,184.88
AAPL,2024-01-02 19:05:00+00:00,184.9
AAPL,2024-01-02 19:06:00+00:00,184.83
AAPL,2024-01-02 19:07:00+00:00,184.81
AAPL,2024-01-02 19:08:00+00:00,184.78
AAPL,2024-01-02 19:09:00+00:00,184.6401
AAPL,2024-01-02 19:10:00+00:00,184.665
AAPL,2024-01-02 19:11:00+00:00,184.59
AAPL,2024-01-02 19:12:00+00:00,184.69
AAPL,2024-01-02 19:13:00+00:00,184.695
AAPL,2024-01-02 19:14:00+00:00,184.65
AAPL,2024-01-02 19:15:00+00:00,184.615
AAPL,2024-01-02 19:16:00+00:00,184.615
AAPL,2024-01-02 19:17:00+00:00,184.52
AAPL,2024-01-02 19:18:00+00:00,184.57
AAPL,2024-01-02 19:19:00+00:00,184.505
AAPL,2024-01-02 19:20:00+00:00,184.4485
AAPL,2024-01-02 19:21:00+00:00,184.4262
AAPL,2024-01-02 19:22:00+00:00,184.305
AAPL,2024-01-02 19:23:00+00:00,184.425
AAPL,2024-01-02 19:24:00+00:00,184.315
AAPL,2024-01-02 19:25:00+00:00,184.2983
AAPL,2024-01-02 19:26:00+00:00,184.295
AAPL,2024-01-02 19:27:00+00:00,184.25
AAPL,2024-01-02 19:28:00+00:00,184.33
AAPL,2024-01-02 19:29:00+00:00,184.495
AAPL,2024-01-02 19:30:00+00:00,184.64
AAPL,2024-01-02 19:31:00+00:00,184.495
AAPL,2024-01-02 19:32:00+00:00,184.54
AAPL,2024-01-02 19:33:00+00:00,184.465
AAPL,2024-01-02 19:34:00+00:00,184.51
AAPL,2024-01-02 19:35:00+00:00,184.435
AAPL,2024-01-02 19:36:00+00:00,184.4414
AAPL,2024-01-02 19:37:00+00:00,184.49
AAPL,2024-01-02 19:38:00+00:00,184.48
AAPL,2024-01-02 19:39:00+00:00,184.395
AAPL,2024-01-02 19:40:00+00:00,184.5355
AAPL,2024-01-02 19:41:00+00:00,184.44
AAPL,2024-01-02 19:42:00+00:00,184.45
AAPL,2024-01-02 19:43:00+00:00,184.535
AAPL,2024-01-02 19:44:00+00:00,184.47
AAPL,2024-01-02 19:45:00+00:00,184.585
AAPL,2024-01-02 19:46:00+00:00,184.63
AAPL,2024-01-02 19:47:00+00:00,184.565
AAPL,2024-01-02 19:48:00+00:00,184.5
AAPL,2024-01-02 19:49:00+00:00,184.461
AAPL,2024-01-02 19:50:00+00:00,184.5114
AAPL,2024-01-02 19:51:00+00:00,184.4951
AAPL,2024-01-02 19:52:00+00:00,184.3518
AAPL,2024-01-02 19:53:00+00:00,184.2258
AAPL,2024-01-02 19:54:00+00:00,184.11
AAPL,2024-01-02 19:55:00+00:00,184.1658
AAPL,2024-01-02 19:56:00+00:00,184.17
AAPL,2024-01-02 19:57:00+00:00,184.065
AAPL,2024-01-02 19:58:00+00:00,184.115
AAPL,2024-01-02 19:59:00+00:00,184.05
AAPL,2024-01-02 20:00:00+00:00,184.09
AAPL,2024-01-02 20:01:00+00:00,183.9701
AAPL,2024-01-02 20:02:00+00:00,184.04
AAPL,2024-01-02 20:03:00+00:00,183.91
AAPL,2024-01-02 20:04:00+00:00,183.9899
AAPL,2024-01-02 20:05:00+00:00,183.9945
AAPL,2024-01-02 20:06:00+00:00,183.93
AAPL,2024-01-02 20:07:00+00:00,184.13
AAPL,2024-01-02 20:08:00+00:00,184.14
AAPL,2024-01-02 20:09:00+00:00,184.125
AAPL,2024-01-02 20:10:00+00:00,184.06
AAPL,2024-01-02 20:11:00+00:00,184.11
AAPL,2024-01-02 20:12:00+00:00,184.01
AAPL,2024-01-02 20:13:00+00:00,184.02
AAPL,2024-01-02 20:14:00+00:00,183.9166
AAPL,2024-01-02 20:15:00+00:00,184.01
AAPL,2024-01-02 20:16:00+00:00,184.01
AAPL,2024-01-02 20:17:00+00:00,184.155
AAPL,2024-01-02 20:18:00+00:00,184.195
AAPL,2024-01-02 20:19:00+00:00,184.29
AAPL,2024-01-02 20:20:00+00:00,184.3
AAPL,2024-01-02 20:21:00+00:00,184.26
AAPL,2024-01-02 20:22:00+00:00,184.2699
AAPL,2024-01-02 20:23:00+00:00,184.27
AAPL,2024-01-02 20:24:00+00:00,184.32
AAPL,2024-01-02 20:25:00+00:00,184.37
AAPL,2024-01-02 20:26:00+00:00,184.33
AAPL,2024-01-02 20:27:00+00:00,184.27
AAPL,2024-01-02 20:28:00+00:00,184.355
AAPL,2024-01-02 20:29:00+00:00,184.42
AAPL,2024-01-02 20:30:00+00:00,184.61
AAPL,2024-01-02 20:31:00+00:00,184.695
AAPL,2024-01-02 20:32:00+00:00,184.7261
AAPL,2024-01-02 20:33:00+00:00,184.65
AAPL,2024-01-02 20:34:00+00:00,184.5889
AAPL,2024-01-02 20:35:00+00:00,184.59
AAPL,2024-01-02 20:36:00+00:00,184.605
AAPL,2024-01-02 20:37:00+00:00,184.576
AAPL,2024-01-02 20:38:00+00:00,184.485
AAPL,2024-01-02 20:39:00+00:00,184.53
AAPL,2024-01-02 20:40:00+00:00,184.605
AAPL,2024-01-02 20:41:00+00:00,184.69
AAPL,2024-01-02 20:42:00+00:00,184.784
AAPL,2024-01-02 20:43:00+00:00,184.8
AAPL,2024-01-02 20:44:00+00:00,184.86
AAPL,2024-01-02 20:45:00+00:00,184.8927
AAPL,2024-01-02 20:46:00+00:00,184.73
AAPL,2024-01-02 20:47:00+00:00,184.765
AAPL,2024-01-02 20:48:00+00:00,184.765
AAPL,2024-01-02 20:49:00+00:00,184.8275
AAPL,2024-01-02 20:50:00+00:00,185.14
AAPL,2024-01-02 20:51:00+00:00,185.28
AAPL,2024-01-02 20:52:00+00:00,185.295
AAPL,2024-01-02 20:53:00+00:00,185.34
AAPL,2024-01-02 20:54:00+00:00,185.445
AAPL,2024-01-02 20:55:00+00:00,185.335
AAPL,2024-01-02 20:56:00+00:00,185.2781
AAPL,2024-01-02 20:57:00+00:00,185.45
AAPL,2024-01-02 20:58:00+00:00,185.54
AAPL,2024-01-02 20:59:00+00:00,185.525
AAPL,2024-01-02 21:00:00+00:00,185.6
AAPL,2024-01-02 21:01:00+00:00,185.65
AAPL,2024-01-02 21:02:00+00:00,185.63
AAPL,2024-01-02 21:03:00+00:00,185.62
AAPL,2024-01-02 21:04:00+00:00,185.6
AAPL,2024-01-02 21:05:00+00:00,185.64
AAPL,2024-01-02 21:06:00+00:00,185.64
AAPL,2024-01-02 21:07:00+00:00,185.61
AAPL,2024-01-02 21:08:00+00:00,185.58
AAPL,2024-01-02 21:09:00+00:00,185.55
AAPL,2024-01-02 21:10:00+00:00,185.59
AAPL,2024-01-02 21:11:00+00:00,185.6102
AAPL,2024-01-02 21:12:00+00:00,185.61
AAPL,2024-01-02 21:13:00+00:00,185.6183
AAPL,2024-01-02 21:14:00+00:00,185.59
AAPL,2024-01-02 21:15:00+00:00,185.52
AAPL,2024-01-02 21:16:00+00:00,185.62
AAPL,2024-01-02 21:17:00+00:00,185.6
AAPL,2024-01-02 21:18:00+00:00,185.56
AAPL,2024-01-02 21:19:00+00:00,185.55
AAPL,2024-01-02 21:20:00+00:00,185.56
AAPL,2024-01-02 21:21:00+00:00,185.55
AAPL,2024-01-02 21:22:00+00:00,185.55
AAPL,2024-01-02 21:23:00+00:00,185.5205
AAPL,2024-01-02 21:24:00+00:00,185.5202
AAPL,2024-01-02 21:25:00+00:00,185.53
AAPL,2024-01-02 21:26:00+00:00,185.52
AAPL,2024-01-02 21:27:00+00:00,185.55
AAPL,2024-01-02 21:28:00+00:00,185.54
AAPL,2024-01-02 21:29:00+00:00,185.47
AAPL,2024-01-02 21:31:00+00:00,185.48
AAPL,2024-01-02 21:32:00+00:00,185.5
AAPL,2024-01-02 21:33:00+00:00,185.47
AAPL,2024-01-02 21:34:00+00:00,185.46
AAPL,2024-01-02 21:35:00+00:00,185.47
AAPL,2024-01-02 21:36:00+00:00,185.46
AAPL,2024-01-02 21:37:00+00:00,185.46
AAPL,2024-01-02 21:38:00+00:00,185.52
AAPL,2024-01-02 21:39:00+00:00,185.53
AAPL,2024-01-02 21:40:00+00:00,185.53
AAPL,2024-01-02 21:41:00+00:00,185.5431
AAPL,2024-01-02 21:42:00+00:00,185.55
AAPL,2024-01-02 21:43:00+00:00,185.53
AAPL,2024-01-02 21:44:00+00:00,185.56
AAPL,2024-01-02 21:45:00+00:00,185.5311
AAPL,2024-01-02 21:46:00+00:00,185.56
AAPL,2024-01-02 21:48:00+00:00,185.64
AAPL,2024-01-02 21:49:00+00:00,185.5384
AAPL,2024-01-02 21:50:00+00:00,185.53
AAPL,2024-01-02 21:51:00+00:00,185.44
AAPL,2024-01-02 21:52:00+00:00,185.64
AAPL,2024-01-02 21:53:00+00:00,185.48
AAPL,2024-01-02 21:54:00+00:00,185.43
AAPL,2024-01-02 21:55:00+00:00,185.4202
AAPL,2024-01-02 21:56:00+00:00,185.45
AAPL,2024-01-02 21:57:00+00:00,185.48
AAPL,2024-01-02 21:58:00+00:00,185.48
AAPL,2024-01-02 21:59:00+00:00,185.43
AAPL,2024-01-02 22:00:00+00:00,185.44
AAPL,2024-01-02 22:01:00+00:00,185.48
AAPL,2024-01-02 22:02:00+00:00,185.44
AAPL,2024-01-02 22:03:00+00:00,185.42
AAPL,2024-01-02 22:04:00+00:00,185.45
AAPL,2024-01-02 22:05:00+00:00,185.43
AAPL,2024-01-02 22:06:00+00:00,185.45
AAPL,2024-01-02 22:07:00+00:00,185.4101
AAPL,2024-01-02 22:08:00+00:00,185.4
AAPL,2024-01-02 22:09:00+00:00,185.41
AAPL,2024-01-02 22:10:00+00:00,185.41
AAPL,2024-01-02 22:11:00+00:00,185.39
AAPL,2024-01-02 22:12:00+00:00,185.39
AAPL,2024-01-02 22:13:00+00:00,185.38
AAPL,2024-01-02 22:14:00+00:00,185.37
AAPL,2024-01-02 22:15:00+00:00,185.35
AAPL,2024-01-02 22:16:00+00:00,185.3699
AAPL,2024-01-02 22:18:00+00:00,185.3646
AAPL,2024-01-02 22:19:00+00:00,185.35
AAPL,2024-01-02 22:20:00+00:00,185.33
AAPL,2024-01-02 22:21:00+00:00,185.41
AAPL,2024-01-02 22:22:00+00:00,185.33
AAPL,2024-01-02 22:23:00+00:00,185.3209
AAPL,2024-01-02 22:24:00+00:00,185.33
AAPL,2024-01-02 22:25:00+00:00,185.35
AAPL,2024-01-02 22:26:00+00:00,185.38
AAPL,2024-01-02 22:27:00+00:00,185.37
AAPL,2024-01-02 22:28:00+00:00,185.38
AAPL,2024-01-02 22:29:00+00:00,185.36
AAPL,2024-01-02 22:30:00+00:00,185.35
AAPL,2024-01-02 22:31:00+00:00,185.64
AAPL,2024-01-02 22:32:00+00:00,185.35
AAPL,2024-01-02 22:33:00+00:00,185.38
AAPL,2024-01-02 22:35:00+00:00,185.41
AAPL,2024-01-02 22:36:00+00:00,185.3816
AAPL,2024-01-02 22:37:00+00:00,185.38
AAPL,2024-01-02 22:38:00+00:00,185.43
AAPL,2024-01-02 22:39:00+00:00,185.43
AAPL,2024-01-02 22:40:00+00:00,185.44
AAPL,2024-01-02 22:41:00+00:00,185.43
AAPL,2024-01-02 22:42:00+00:00,185.46
AAPL,2024-01-02 22:43:00+00:00,185.45
AAPL,2024-01-02 22:45:00+00:00,185.45
AAPL,2024-01-02 22:46:00+00:00,185.46
AAPL,2024-01-02 22:47:00+00:00,185.45
AAPL,2024-01-02 22:49:00+00:00,185.54
AAPL,2024-01-02 22:50:00+00:00,185.5
AAPL,2024-01-02 22:51:00+00:00,185.55
AAPL,2024-01-02 22:52:00+00:00,185.45
AAPL,2024-01-02 22:53:00+00:00,185.45
AAPL,2024-01-02 22:54:00+00:00,185.45
AAPL,2024-01-02 22:55:00+00:00,185.45
AAPL,2024-01-02 22:56:00+00:00,185.47
AAPL,2024-01-02 22:57:00+00:00,185.5
AAPL,2024-01-02 22:58:00+00:00,185.5
AAPL,2024-01-02 22:59:00+00:00,185.57
AAPL,2024-01-02 23:00:00+00:00,185.52
AAPL,2024-01-02 23:01:00+00:00,185.5
AAPL,2024-01-02 23:02:00+00:00,185.5
AAPL,2024-01-02 23:04:00+00:00,185.55
AAPL,2024-01-02 23:07:00+00:00,185.53
AAPL,2024-01-02 23:08:00+00:00,185.53
AAPL,2024-01-02 23:10:00+00:00,185.53
AAPL,2024-01-02 23:11:00+00:00,185.535
AAPL,2024-01-02 23:12:00+00:00,185.54
AAPL,2024-01-02 23:13:00+00:00,185.52
AAPL,2024-01-02 23:14:00+00:00,185.5201
AAPL,2024-01-02 23:15:00+00:00,185.52
AAPL,2024-01-02 23:17:00+00:00,185.52
AAPL,2024-01-02 23:18:00+00:00,185.5
AAPL,2024-01-02 23:20:00+00:00,185.4
AAPL,2024-01-02 23:21:00+00:00,185.42
AAPL,2024-01-02 23:22:00+00:00,185.4
AAPL,2024-01-02 23:23:00+00:00,185.38
AAPL,2024-01-02 23:24:00+00:00,185.34
AAPL,2024-01-02 23:25:00+00:00,185.36
AAPL,2024-01-02 23:26:00+00:00,185.35
AAPL,2024-01-02 23:27:00+00:00,185.4
AAPL,2024-01-02 23:28:00+00:00,185.36
AAPL,2024-01-02 23:29:00+00:00,185.36
AAPL,2024-01-02 23:32:00+00:00,185.34
AAPL,2024-01-02 23:34:00+00:00,185.3699
AAPL,2024-01-02 23:35:00+00:00,185.37
AAPL,2024-01-02 23:36:00+00:00,185.35
AAPL,2024-01-02 23:37:00+00:00,185.36
AAPL,2024-01-02 23:38:00+00:00,185.36
AAPL,2024-01-02 23:39:00+00:00,185.34
AAPL,2024-01-02 23:41:00+00:00,185.32
AAPL,2024-01-02 23:43:00+00:00,185.32
AAPL,2024-01-02 23:44:00+00:00,185.36
AAPL,2024-01-02 23:45:00+00:00,185.3132
AAPL,2024-01-02 23:46:00+00:00,185.31
AAPL,2024-01-02 23:47:00+00:00,185.3
AAPL,2024-01-02 23:48:00+00:00,185.33
AAPL,2024-01-02 23:49:00+00:00,185.2999
AAPL,2024-01-02 23:51:00+00:00,185.26
AAPL,2024-01-02 23:52:00+00:00,185.26
AAPL,2024-01-02 23:53:00+00:00,185.26
AAPL,2024-01-02 23:54:00+00:00,185.25
AAPL,2024-01-02 23:55:00+00:00,185.29
AAPL,2024-01-02 23:56:00+00:00,185.3
AAPL,2024-01-02 23:57:00+00:00,185.3
AAPL,2024-01-02 23:58:00+00:00,185.3
AAPL,2024-01-02 23:59:00+00:00,185.3081
AAPL,2024-01-03 00:00:00+00:00,185.31
AAPL,2024-01-03 00:01:00+00:00,185.29
AAPL,2024-01-03 00:02:00+00:00,185.29
AAPL,2024-01-03 00:04:00+00:00,185.26
AAPL,2024-01-03 00:06:00+00:00,185.24
AAPL,2024-01-03 00:07:00+00:00,185.24
AAPL,2024-01-03 00:08:00+00:00,185.22
AAPL,2024-01-03 00:09:00+00:00,185.23
AAPL,2024-01-03 00:10:00+00:00,185.2
AAPL,2024-01-03 00:11:00+00:00,185.2
AAPL,2024-01-03 00:12:00+00:00,185.18
AAPL,2024-01-03 00:13:00+00:00,185.24
AAPL,2024-01-03 00:14:00+00:00,185.24
AAPL,2024-01-03 00:15:00+00:00,185.25
AAPL,2024-01-03 00:16:00+00:00,185.23
AAPL,2024-01-03 00:17:00+00:00,185.26
AAPL,2024-01-03 00:18:00+00:00,185.28
AAPL,2024-01-03 00:19:00+00:00,185.26
AAPL,2024-01-03 00:20:00+00:00,185.3
AAPL,2024-01-03 00:21:00+00:00,185.23
AAPL,2024-01-03 00:22:00+00:00,185.2
AAPL,2024-01-03 00:23:00+00:00,185.2491
AAPL,2024-01-03 00:26:00+00:00,185.25
AAPL,2024-01-03 00:27:00+00:00,185.3
AAPL,2024-01-03 00:28:00+00:00,185.25
AAPL,2024-01-03 00:29:00+00:00,185.21
AAPL,2024-01-03 00:30:00+00:00,185.2
AAPL,2024-01-03 00:31:00+00:00,185.2
AAPL,2024-01-03 00:32:00+00:00,185.2
AAPL,2024-01-03 00:33:00+00:00,185.18
AAPL,2024-01-03 00:35:00+00:00,185.24
AAPL,2024-01-03 00:36:00+00:00,185.26
AAPL,2024-01-03 00:37:00+00:00,185.27
AAPL,2024-01-03 00:40:00+00:00,185.24
AAPL,2024-01-03 00:42:00+00:00,185.2
AAPL,2024-01-03 00:45:00+00:00,185.25
AAPL,2024-01-03 00:46:00+00:00,185.28
AAPL,2024-01-03 00:47:00+00:00,185.22
AAPL,2024-01-03 00:48:00+00:00,185.21
AAPL,2024-01-03 00:49:00+00:00,185.21
AAPL,2024-01-03 00:50:00+00:00,185.2101
AAPL,2024-01-03 00:51:00+00:00,185.21
AAPL,2024-01-03 00:52:00+00:00,185.22
AAPL,2024-01-03 00:53:00+00:00,185.2399
AAPL,2024-01-03 00:54:00+00:00,185.24
AAPL,2024-01-03 00:55:00+00:00,185.27
AAPL,2024-01-03 00:56:00+00:00,185.23
AAPL,2024-01-03 00:57:00+00:00,185.23
AAPL,2024-01-03 00:58:00+00:00,185.25
AAPL,2024-01-03 00:59:00+00:00,185.2
AAPL,2024-01-03 09:00:00+00:00,185.0
AAPL,2024-01-03 09:01:00+00:00,184.9
AAPL,2024-01-03 09:02:00+00:00,184.98
AAPL,2024-01-03 09:03:00+00:00,184.9
AAPL,2024-01-03 09:06:00+00:00,184.85
AAPL,2024-01-03 09:07:00+00:00,184.84
AAPL,2024-01-03 09:08:00+00:00,184.85
AAPL,2024-01-03 09:09:00+00:00,184.88
AAPL,2024-01-03 09:10:00+00:00,184.88
AAPL,2024-01-03 09:11:00+00:00,184.99
AAPL,2024-01-03 09:13:00+00:00,184.87
AAPL,2024-01-03 09:14:00+00:00,184.87
AAPL,2024-01-03 09:16:00+00:00,184.93
AAPL,2024-01-03 09:17:00+00:00,184.94
AAPL,2024-01-03 09:18:00+00:00,184.86
AAPL,2024-01-03 09:20:00+00:00,184.93
AAPL,2024-01-03 09:21:00+00:00,184.92
AAPL,2024-01-03 09:22:00+00:00,184.91
AAPL,2024-01-03 09:23:00+00:00,184.99
AAPL,2024-01-03 09:27:00+00:00,184.93
AAPL,2024-01-03 09:29:00+00:00,184.92
AAPL,2024-01-03 09:35:00+00:00,184.88
AAPL,2024-01-03 09:37:00+00:00,184.9
AAPL,2024-01-03 09:40:00+00:00,184.85
AAPL,2024-01-03 09:42:00+00:00,184.79
AAPL,2024-01-03 09:47:00+00:00,184.76
AAPL,2024-01-03 09:54:00+00:00,184.72
AAPL,2024-01-03 09:59:00+00:00,184.72
AAPL,2024-01-03 10:01:00+00:00,184.67
AAPL,2024-01-03 10:03:00+00:00,184.68
AAPL,2024-01-03 10:05:00+00:00,184.72
AAPL,2024-01-03 10:07:00+00:00,184.79
AAPL,2024-01-03 10:11:00+00:00,184.79
AAPL,2024-01-03 10:13:00+00:00,184.8
AAPL,2024-01-03 10:15:00+00:00,184.8
AAPL,2024-01-03 10:17:00+00:00,184.79
AAPL,2024-01-03 10:20:00+00:00,184.81
AAPL,2024-01-03 10:23:00+00:00,184.77
AAPL,2024-01-03 10:27:00+00:00,184.7
AAPL,2024-01-03 10:31:00+00:00,184.7
AAPL,2024-01-03 10:38:00+00:00,184.71
AAPL,2024-01-03 10:40:00+00:00,184.77
AAPL,2024-01-03 10:41:00+00:00,184.8
AAPL,2024-01-03 10:48:00+00:00,184.83
AAPL,2024-01-03 10:49:00+00:00,184.8
AAPL,2024-01-03 10:52:00+00:00,184.82
AAPL,2024-01-03 10:56:00+00:00,184.73
AAPL,2024-01-03 11:01:00+00:00,184.8
AAPL,2024-01-03 11:09:00+00:00,184.82
AAPL,2024-01-03 11:24:00+00:00,184.74
AAPL,2024-01-03 11:29:00+00:00,184.7
AAPL,2024-01-03 11:30:00+00:00,184.66
AAPL,2024-01-03 11:32:00+00:00,184.76
AAPL,2024-01-03 11:36:00+00:00,184.75
AAPL,2024-01-03 11:38:00+00:00,184.72
AAPL,2024-01-03 11:39:00+00:00,184.72
AAPL,2024-01-03 11:42:00+00:00,184.76
AAPL,2024-01-03 11:43:00+00:00,184.75
AAPL,2024-01-03 11:45:00+00:00,184.78
AAPL,2024-01-03 11:46:00+00:00,184.78
AAPL,2024-01-03 11:52:00+00:00,184.85
AAPL,2024-01-03 11:54:00+00:00,184.9
AAPL,2024-01-03 11:55:00+00:00,184.9
AAPL,2024-01-03 11:56:00+00:00,184.99
AAPL,2024-01-03 11:58:00+00:00,185.0
AAPL,2024-01-03 11:59:00+00:00,185.0
AAPL,2024-01-03 12:00:00+00:00,184.98
AAPL,2024-01-03 12:01:00+00:00,184.95
AAPL,2024-01-03 12:03:00+00:00,184.9
AAPL,2024-01-03 12:04:00+00:00,184.88
AAPL,2024-01-03 12:05:00+00:00,184.9
AAPL,2024-01-03 12:07:00+00:00,184.87
AAPL,2024-01-03 12:10:00+00:00,184.95
AAPL,2024-01-03 12:13:00+00:00,184.89
AAPL,2024-01-03 12:14:00+00:00,184.9
AAPL,2024-01-03 12:15:00+00:00,184.86
AAPL,2024-01-03 12:16:00+00:00,184.84
AAPL,2024-01-03 12:17:00+00:00,184.87
AAPL,2024-01-03 12:19:00+00:00,184.9
AAPL,2024-01-03 12:20:00+00:00,184.87
AAPL,2024-01-03 12:21:00+00:00,184.87
AAPL,2024-01-03 12:22:00+00:00,184.81
AAPL,2024-01-03 12:23:00+00:00,184.75
AAPL,2024-01-03 12:24:00+00:00,184.72
AAPL,2024-01-03 12:25:00+00:00,184.66
AAPL,2024-01-03 12:26:00+00:00,184.6
AAPL,2024-01-03 12:27:00+00:00,184.6
AAPL,2024-01-03 12:28:00+00:00,184.67
AAPL,2024-01-03 12:30:00+00:00,184.56
AAPL,2024-01-03 12:31:00+00:00,184.52
AAPL,2024-01-03 12:32:00+00:00,184.55
AAPL,2024-01-03 12:33:00+00:00,184.52
AAPL,2024-01-03 12:34:00+00:00,184.55
AAPL,2024-01-03 12:35:00+00:00,184.5
AAPL,2024-01-03 12:38:00+00:00,184.56
AAPL,2024-01-03 12:39:00+00:00,184.7
AAPL,2024-01-03 12:40:00+00:00,184.78
AAPL,2024-01-03 12:41:00+00:00,184.87
AAPL,2024-01-03 12:42:00+00:00,184.82
AAPL,2024-01-03 12:44:00+00:00,184.56
AAPL,2024-01-03 12:45:00+00:00,184.59
AAPL,2024-01-03 12:46:00+00:00,184.6
AAPL,2024-01-03 12:48:00+00:00,184.55
AAPL,2024-01-03 12:49:00+00:00,184.6
AAPL,2024-01-03 12:51:00+00:00,184.65
AAPL,2024-01-03 12:54:00+00:00,184.67
AAPL,2024-01-03 12:55:00+00:00,184.55
AAPL,2024-01-03 12:56:00+00:00,184.5
AAPL,2024-01-03 12:57:00+00:00,184.38
AAPL,2024-01-03 12:58:00+00:00,184.38
AAPL,2024-01-03 12:59:00+00:00,184.31
AAPL,2024-01-03 13:00:00+00:00,184.21
AAPL,2024-01-03 13:01:00+00:00,185.5
AAPL,2024-01-03 13:02:00+00:00,184.2
AAPL,2024-01-03 13:03:00+00:00,185.06
AAPL,2024-01-03 13:04:00+00:00,184.2317
AAPL,2024-01-03 13:05:00+00:00,184.2213
AAPL,2024-01-03 13:06:00+00:00,184.27
AAPL,2024-01-03 13:07:00+00:00,184.33
AAPL,2024-01-03 13:08:00+00:00,184.31
AAPL,2024-01-03 13:09:00+00:00,184.3016
AAPL,2024-01-03 13:10:00+00:00,184.38
AAPL,2024-01-03 13:11:00+00:00,184.45
AAPL,2024-01-03 13:12:00+00:00,184.43
AAPL,2024-01-03 13:13:00+00:00,184.37
AAPL,2024-01-03 13:14:00+00:00,184.32
AAPL,2024-01-03 13:15:00+00:00,184.4
AAPL,2024-01-03 13:16:00+00:00,184.4113
AAPL,2024-01-03 13:17:00+00:00,184.55
AAPL,2024-01-03 13:18:00+00:00,184.46
AAPL,2024-01-03 13:19:00+00:00,184.56
AAPL,2024-01-03 13:20:00+00:00,184.65
AAPL,2024-01-03 13:21:00+00:00,184.65
AAPL,2024-01-03 13:22:00+00:00,184.68
AAPL,2024-01-03 13:23:00+00:00,184.53
AAPL,2024-01-03 13:24:00+00:00,184.6661
AAPL,2024-01-03 13:26:00+00:00,184.67
AAPL,2024-01-03 13:27:00+00:00,184.64
AAPL,2024-01-03 13:28:00+00:00,184.64
AAPL,2024-01-03 13:29:00+00:00,184.63
AAPL,2024-01-03 13:30:00+00:00,184.48
AAPL,2024-01-03 13:31:00+00:00,184.5508
AAPL,2024-01-03 13:32:00+00:00,184.55
AAPL,2024-01-03 13:33:00+00:00,184.55
AAPL,2024-01-03 13:34:00+00:00,184.6
AAPL,2024-01-03 13:35:00+00:00,184.67
AAPL,2024-01-03 13:36:00+00:00,184.7
AAPL,2024-01-03 13:37:00+00:00,184.7196
AAPL,2024-01-03 13:38:00+00:00,184.7
AAPL,2024-01-03 13:39:00+00:00,184.7399
AAPL,2024-01-03 13:40:00+00:00,184.7
AAPL,2024-01-03 13:41:00+00:00,184.7
AAPL,2024-01-03 13:42:00+00:00,184.72
AAPL,2024-01-03 13:43:00+00:00,184.75
AAPL,2024-01-03 13:44:00+00:00,184.72
AAPL,2024-01-03 13:45:00+00:00,184.65
AAPL,2024-01-03 13:47:00+00:00,184.65
AAPL,2024-01-03 13:48:00+00:00,184.54
AAPL,2024-01-03 13:50:00+00:00,184.79
AAPL,2024-01-03 13:51:00+00:00,184.8
AAPL,2024-01-03 13:52:00+00:00,184.81
AAPL,2024-01-03 13:53:00+00:00,184.66
AAPL,2024-01-03 13:54:00+00:00,184.72
AAPL,2024-01-03 13:55:00+00:00,184.73
AAPL,2024-01-03 13:56:00+00:00,184.77
AAPL,2024-01-03 13:57:00+00:00,184.75
AAPL,2024-01-03 13:58:00+00:00,184.74
AAPL,2024-01-03 13:59:00+00:00,184.65
AAPL,2024-01-03 14:00:00+00:00,184.68
AAPL,2024-01-03 14:01:00+00:00,184.74
AAPL,2024-01-03 14:02:00+00:00,184.65
AAPL,2024-01-03 14:03:00+00:00,184.53
AAPL,2024-01-03 14:04:00+00:00,184.5295
AAPL,2024-01-03 14:05:00+00:00,184.47
AAPL,2024-01-03 14:06:00+00:00,184.5
AAPL,2024-01-03 14:07:00+00:00,184.48
AAPL,2024-01-03 14:08:00+00:00,184.45
AAPL,2024-01-03 14:09:00+00:00,184.43
AAPL,2024-01-03 14:10:00+00:00,184.33
AAPL,2024-01-03 14:11:00+00:00,184.25
AAPL,2024-01-03 14:12:00+00:00,184.218
AAPL,2024-01-03 14:13:00+00:00,184.15
AAPL,2024-01-03 14:14:00+00:00,184.119
AAPL,2024-01-03 14:15:00+00:00,184.02
AAPL,2024-01-03 14:16:00+00:00,184.0
AAPL,2024-01-03 14:17:00+00:00,184.12
AAPL,2024-01-03 14:18:00+00:00,184.22
AAPL,2024-01-03 14:19:00+00:00,184.15
AAPL,2024-01-03 14:20:00+00:00,184.25
AAPL,2024-01-03 14:21:00+00:00,184.19
AAPL,2024-01-03 14:22:00+00:00,184.02
AAPL,2024-01-03 14:23:00+00:00,184.11
AAPL,2024-01-03 14:24:00+00:00,184.08
AAPL,2024-01-03 14:25:00+00:00,183.7
AAPL,2024-01-03 14:26:00+00:00,183.77
AAPL,2024-01-03 14:27:00+00:00,183.69
AAPL,2024-01-03 14:28:00+00:00,184.02
AAPL,2024-01-03 14:29:00+00:00,184.3
AAPL,2024-01-03 14:30:00+00:00,184.69
AAPL,2024-01-03 14:31:00+00:00,185.1001
AAPL,2024-01-03 14:32:00+00:00,185.26
AAPL,2024-01-03 14:33:00+00:00,185.36
AAPL,2024-01-03 14:34:00+00:00,185.6399
AAPL,2024-01-03 14:35:00+00:00,185.86
AAPL,2024-01-03 14:36:00+00:00,185.485
AAPL,2024-01-03 14:37:00+00:00,185.37
AAPL,2024-01-03 14:38:00+00:00,185.13
AAPL,2024-01-03 14:39:00+00:00,185.03
AAPL,2024-01-03 14:40:00+00:00,184.93
AAPL,2024-01-03 14:41:00+00:00,184.8444
AAPL,2024-01-03 14:42:00+00:00,184.9199
AAPL,2024-01-03 14:43:00+00:00,184.9697
AAPL,2024-01-03 14:44:00+00:00,184.82
AAPL,2024-01-03 14:45:00+00:00,184.955
AAPL,2024-01-03 14:46:00+00:00,184.9
AAPL,2024-01-03 14:47:00+00:00,185.03
AAPL,2024-01-03 14:48:00+00:00,185.1921
AAPL,2024-01-03 14:49:00+00:00,185.17
AAPL,2024-01-03 14:50:00+00:00,185.15
AAPL,2024-01-03 14:51:00+00:00,185.34
AAPL,2024-01-03 14:52:00+00:00,185.235
AAPL,2024-01-03 14:53:00+00:00,185.06
AAPL,2024-01-03 14:54:00+00:00,185.045
AAPL,2024-01-03 14:55:00+00:00,184.9952
AAPL,2024-01-03 14:56:00+00:00,184.8351
AAPL,2024-01-03 14:57:00+00:00,184.82
AAPL,2024-01-03 14:58:00+00:00,184.63
AAPL,2024-01-03 14:59:00+00:00,184.7701
AAPL,2024-01-03 15:00:00+00:00,184.97
AAPL,2024-01-03 15:01:00+00:00,184.67
AAPL,2024-01-03 15:02:00+00:00,184.93
AAPL,2024-01-03 15:03:00+00:00,184.895
AAPL,2024-01-03 15:04:00+00:00,184.82
AAPL,2024-01-03 15:05:00+00:00,184.625
AAPL,2024-01-03 15:06:00+00:00,184.545
AAPL,2024-01-03 15:07:00+00:00,184.455
AAPL,2024-01-03 15:08:00+00:00,184.46
AAPL,2024-01-03 15:09:00+00:00,184.3613
AAPL,2024-01-03 15:10:00+00:00,184.21
AAPL,2024-01-03 15:11:00+00:00,184.22
AAPL,2024-01-03 15:12:00+00:00,184.04
AAPL,2024-01-03 15:13:00+00:00,184.04
AAPL,2024-01-03 15:14:00+00:00,183.956
AAPL,2024-01-03 15:15:00+00:00,184.0197
AAPL,2024-01-03 15:16:00+00:00,184.025
AAPL,2024-01-03 15:17:00+00:00,183.9801
AAPL,2024-01-03 15:18:00+00:00,183.96
AAPL,2024-01-03 15:19:00+00:00,183.915
AAPL,2024-01-03 15:20:00+00:00,183.9
AAPL,2024-01-03 15:21:00+00:00,183.785
AAPL,2024-01-03 15:22:00+00:00,183.7999
AAPL,2024-01-03 15:23:00+00:00,183.8009
AAPL,2024-01-03 15:24:00+00:00,183.75
AAPL,2024-01-03 15:25:00+00:00,183.699
AAPL,2024-01-03 15:26:00+00:00,183.84
AAPL,2024-01-03 15:27:00+00:00,183.85
AAPL,2024-01-03 15:28:00+00:00,183.95
AAPL,2024-01-03 15:29:00+00:00,183.9587
AAPL,2024-01-03 15:30:00+00:00,184.0549
AAPL,2024-01-03 15:31:00+00:00,184.0986
AAPL,2024-01-03 15:32:00+00:00,183.92
AAPL,2024-01-03 15:33:00+00:00,183.925
AAPL,2024-01-03 15:34:00+00:00,183.92
AAPL,2024-01-03 15:35:00+00:00,184.085
AAPL,2024-01-03 15:36:00+00:00,184.1
AAPL,2024-01-03 15:37:00+00:00,183.86
AAPL,2024-01-03 15:38:00+00:00,183.93
AAPL,2024-01-03 15:39:00+00:00,183.78
AAPL,2024-01-03 15:40:00+00:00,183.7826
AAPL,2024-01-03 15:41:00+00:00,183.87
AAPL,2024-01-03 15:42:00+00:00,183.93
AAPL,2024-01-03 15:43:00+00:00,183.98
AAPL,2024-01-03 15:44:00+00:00,183.83
AAPL,2024-01-03 15:45:00+00:00,183.745
AAPL,2024-01-03 15:46:00+00:00,183.71
AAPL,2024-01-03 15:47:00+00:00,183.61
AAPL,2024-01-03 15:48:00+00:00,183.57
AAPL,2024-01-03 15:49:00+00:00,183.53
AAPL,2024-01-03 15:50:00+00:00,183.66
AAPL,2024-01-03 15:51:00+00:00,183.8001
AAPL,2024-01-03 15:52:00+00:00,183.7483
AAPL,2024-01-03 15:53:00+00:00,183.82
AAPL,2024-01-03 15:54:00+00:00,183.79
AAPL,2024-01-03 15:55:00+00:00,183.62
AAPL,2024-01-03 15:56:00+00:00,183.65
AAPL,2024-01-03 15:57:00+00:00,183.65
AAPL,2024-01-03 15:58:00+00:00,183.8247
AAPL,2024-01-03 15:59:00+00:00,183.86
AAPL,2024-01-03 16:00:00+00:00,184.01
AAPL,2024-01-03 16:01:00+00:00,183.905
AAPL,2024-01-03 16:02:00+00:00,184.0
AAPL,2024-01-03 16:03:00+00:00,184.0
AAPL,2024-01-03 16:04:00+00:00,184.105
AAPL,2024-01-03 16:05:00+00:00,184.105
AAPL,2024-01-03 16:06:00+00:00,184.2
AAPL,2024-01-03 16:07:00+00:00,184.04
AAPL,2024-01-03 16:08:00+00:00,184.05
AAPL,2024-01-03 16:09:00+00:00,184.02
AAPL,2024-01-03 16:10:00+00:00,183.99
AAPL,2024-01-03 16:11:00+00:00,184.005
AAPL,2024-01-03 16:12:00+00:00,184.01
AAPL,2024-01-03 16:13:00+00:00,184.035
AAPL,2024-01-03 16:14:00+00:00,183.9914
AAPL,2024-01-03 16:15:00+00:00,184.08
AAPL,2024-01-03 16:16:00+00:00,184.0451
AAPL,2024-01-03 16:17:00+00:00,184.04
AAPL,2024-01-03 16:18:00+00:00,183.985
AAPL,2024-01-03 16:19:00+00:00,184.0
AAPL,2024-01-03 16:20:00+00:00,184.07
AAPL,2024-01-03 16:21:00+00:00,184.015
AAPL,2024-01-03 16:22:00+00:00,183.93
AAPL,2024-01-03 16:23:00+00:00,183.98
AAPL,2024-01-03 16:24:00+00:00,183.93
AAPL,2024-01-03 16:25:00+00:00,184.0
AAPL,2024-01-03 16:26:00+00:00,184.163
AAPL,2024-01-03 16:27:00+00:00,184.07
AAPL,2024-01-03 16:28:00+00:00,184.07
AAPL,2024-01-03 16:29:00+00:00,184.2
AAPL,2024-01-03 16:30:00+00:00,184.205
AAPL,2024-01-03 16:31:00+00:00,184.26
AAPL,2024-01-03 16:32:00+00:00,184.3118
AAPL,2024-01-03 16:33:00+00:00,184.34
AAPL,2024-01-03 16:34:00+00:00,184.2
AAPL,2024-01-03 16:35:00+00:00,184.24
AAPL,2024-01-03 16:36:00+00:00,184.3228
AAPL,2024-01-03 16:37:00+00:00,184.195
AAPL,2024-01-03 16:38:00+00:00,184.15
AAPL,2024-01-03 16:39:00+00:00,184.06
AAPL,2024-01-03 16:40:00+00:00,183.97
AAPL,2024-01-03 16:41:00+00:00,183.9117
AAPL,2024-01-03 16:42:00+00:00,183.8201
AAPL,2024-01-03 16:43:00+00:00,183.89
AAPL,2024-01-03 16:44:00+00:00,183.8801
AAPL,2024-01-03 16:45:00+00:00,183.9
AAPL,2024-01-03 16:46:00+00:00,183.83
AAPL,2024-01-03 16:47:00+00:00,183.752
AAPL,2024-01-03 16:48:00+00:00,183.655
AAPL,2024-01-03 16:49:00+00:00,183.6343
AAPL,2024-01-03 16:50:00+00:00,183.625
AAPL,2024-01-03 16:51:00+00:00,183.6
AAPL,2024-01-03 16:52:00+00:00,183.595
AAPL,2024-01-03 16:53:00+00:00,183.68
AAPL,2024-01-03 16:54:00+00:00,183.615
AAPL,2024-01-03 16:55:00+00:00,183.625
AAPL,2024-01-03 16:56:00+00:00,183.6
AAPL,2024-01-03 16:57:00+00:00,183.575
AAPL,2024-01-03 16:58:00+00:00,183.53
AAPL,2024-01-03 16:59:00+00:00,183.51
AAPL,2024-01-03 17:00:00+00:00,183.47
AAPL,2024-01-03 17:01:00+00:00,183.505
AAPL,2024-01-03 17:02:00+00:00,183.605
AAPL,2024-01-03 17:03:00+00:00,183.65
AAPL,2024-01-03 17:04:00+00:00,183.7
AAPL,2024-01-03 17:05:00+00:00,183.76
AAPL,2024-01-03 17:06:00+00:00,183.71
AAPL,2024-01-03 17:07:00+00:00,183.87
AAPL,2024-01-03 17:08:00+00:00,183.72
AAPL,2024-01-03 17:09:00+00:00,183.72
AAPL,2024-01-03 17:10:00+00:00,183.6303
AAPL,2024-01-03 17:11:00+00:00,183.575
AAPL,2024-01-03 17:12:00+00:00,183.655
AAPL,2024-01-03 17:13:00+00:00,183.7456
AAPL,2024-01-03 17:14:00+00:00,183.67
AAPL,2024-01-03 17:15:00+00:00,183.675
AAPL,2024-01-03 17:16:00+00:00,183.78
AAPL,2024-01-03 17:17:00+00:00,183.7422
AAPL,2024-01-03 17:18:00+00:00,183.7742
AAPL,2024-01-03 17:19:00+00:00,183.78
AAPL,2024-01-03 17:20:00+00:00,183.8022
AAPL,2024-01-03 17:21:00+00:00,183.8115
AAPL,2024-01-03 17:22:00+00:00,183.78
AAPL,2024-01-03 17:23:00+00:00,183.785
AAPL,2024-01-03 17:24:00+00:00,183.755
AAPL,2024-01-03 17:25:00+00:00,183.8235
AAPL,2024-01-03 17:26:00+00:00,183.82
AAPL,2024-01-03 17:27:00+00:00,183.87
AAPL,2024-01-03 17:28:00+00:00,183.88
AAPL,2024-01-03 17:29:00+00:00,183.93
AAPL,2024-01-03 17:30:00+00:00,183.96
AAPL,2024-01-03 17:31:00+00:00,183.87
AAPL,2024-01-03 17:32:00+00:00,183.89
AAPL,2024-01-03 17:33:00+00:00,183.965
AAPL,2024-01-03 17:34:00+00:00,184.0
AAPL,2024-01-03 17:35:00+00:00,184.06
AAPL,2024-01-03 17:36:00+00:00,184.079
AAPL,2024-01-03 17:37:00+00:00,184.1005
AAPL,2024-01-03 17:38:00+00:00,184.085
AAPL,2024-01-03 17:39:00+00:00,184.07
AAPL,2024-01-03 17:40:00+00:00,184.1
AAPL,2024-01-03 17:41:00+00:00,184.0703
AAPL,2024-01-03 17:42:00+00:00,184.11
AAPL,2024-01-03 17:43:00+00:00,184.065
AAPL,2024-01-03 17:44:00+00:00,184.12
AAPL,2024-01-03 17:45:00+00:00,184.15
AAPL,2024-01-03 17:46:00+00:00,184.16
AAPL,2024-01-03 17:47:00+00:00,184.1757
AAPL,2024-01-03 17:48:00+00:00,184.1801
AAPL,2024-01-03 17:49:00+00:00,184.2232
AAPL,2024-01-03 17:50:00+00:00,184.225
AAPL,2024-01-03 17:51:00+00:00,184.24
AAPL,2024-01-03 17:52:00+00:00,184.215
AAPL,2024-01-03 17:53:00+00:00,184.23
AAPL,2024-01-03 17:54:00+00:00,184.225
AAPL,2024-01-03 17:55:00+00:00,184.265
AAPL,2024-01-03 17:56:00+00:00,184.21
AAPL,2024-01-03 17:57:00+00:00,184.215
AAPL,2024-01-03 17:58:00+00:00,184.2817
AAPL,2024-01-03 17:59:00+00:00,184.335
AAPL,2024-01-03 18:00:00+00:00,184.3554
AAPL,2024-01-03 18:01:00+00:00,184.43
AAPL,2024-01-03 18:02:00+00:00,184.42
AAPL,2024-01-03 18:03:00+00:00,184.35
AAPL,2024-01-03 18:04:00+00:00,184.4298
AAPL,2024-01-03 18:05:00+00:00,184.345
AAPL,2024-01-03 18:06:00+00:00,184.335
AAPL,2024-01-03 18:07:00+00:00,184.2717
AAPL,2024-01-03 18:08:00+00:00,184.3
AAPL,2024-01-03 18:09:00+00:00,184.3101
AAPL,2024-01-03 18:10:00+00:00,184.3257
AAPL,2024-01-03 18:11:00+00:00,184.38
AAPL,2024-01-03 18:12:00+00:00,184.3629
AAPL,2024-01-03 18:13:00+00:00,184.435
AAPL,2024-01-03 18:14:00+00:00,184.3803
AAPL,2024-01-03 18:15:00+00:00,184.395
AAPL,2024-01-03 18:16:00+00:00,184.375
AAPL,2024-01-03 18:17:00+00:00,184.485
AAPL,2024-01-03 18:18:00+00:00,184.4503
AAPL,2024-01-03 18:19:00+00:00,184.485
AAPL,2024-01-03 18:20:00+00:00,184.445
AAPL,2024-01-03 18:21:00+00:00,184.42
AAPL,2024-01-03 18:22:00+00:00,184.42
AAPL,2024-01-03 18:23:00+00:00,184.445
AAPL,2024-01-03 18:24:00+00:00,184.4721
AAPL,2024-01-03 18:25:00+00:00,184.515
AAPL,2024-01-03 18:26:00+00:00,184.45
AAPL,2024-01-03 18:27:00+00:00,184.465
AAPL,2024-01-03 18:28:00+00:00,184.44
AAPL,2024-01-03 18:29:00+00:00,184.4731
AAPL,2024-01-03 18:30:00+00:00,184.49
AAPL,2024-01-03 18:31:00+00:00,184.34
AAPL,2024-01-03 18:32:00+00:00,184.415
AAPL,2024-01-03 18:33:00+00:00,184.4717
AAPL,2024-01-03 18:34:00+00:00,184.455
AAPL,2024-01-03 18:35:00+00:00,184.345
AAPL,2024-01-03 18:36:00+00:00,184.395
AAPL,2024-01-03 18:37:00+00:00,184.42
AAPL,2024-01-03 18:38:00+00:00,184.465
AAPL,2024-01-03 18:39:00+00:00,184.44
AAPL,2024-01-03 18:40:00+00:00,184.47
AAPL,2024-01-03 18:41:00+00:00,184.4503
AAPL,2024-01-03 18:42:00+00:00,184.47
AAPL,2024-01-03 18:43:00+00:00,184.4
AAPL,2024-01-03 18:44:00+00:00,184.3699
AAPL,2024-01-03 18:45:00+00:00,184.365
AAPL,2024-01-03 18:46:00+00:00,184.396
AAPL,2024-01-03 18:47:00+00:00,184.3379
AAPL,2024-01-03 18:48:00+00:00,184.2924
AAPL,2024-01-03 18:49:00+00:00,184.195
AAPL,2024-01-03 18:50:00+00:00,184.27
AAPL,2024-01-03 18:51:00+00:00,184.34
AAPL,2024-01-03 18:52:00+00:00,184.24
AAPL,2024-01-03 18:53:00+00:00,184.32
AAPL,2024-01-03 18:54:00+00:00,184.2945
AAPL,2024-01-03 18:55:00+00:00,184.28
AAPL,2024-01-03 18:56:00+00:00,184.22
AAPL,2024-01-03 18:57:00+00:00,184.28
AAPL,2024-01-03 18:58:00+00:00,184.32
AAPL,2024-01-03 18:59:00+00:00,184.37
AAPL,2024-01-03 19:00:00+00:00,184.28
AAPL,2024-01-03 19:01:00+00:00,184.33
AAPL,2024-01-03 19:02:00+00:00,184.2427
AAPL,2024-01-03 19:03:00+00:00,184.16
AAPL,2024-01-03 19:04:00+00:00,184.03
AAPL,2024-01-03 19:05:00+00:00,183.86
AAPL,2024-01-03 19:06:00+00:00,184.05
AAPL,2024-01-03 19:07:00+00:00,184.305
AAPL,2024-01-03 19:08:00+00:00,184.27
AAPL,2024-01-03 19:09:00+00:00,184.3
AAPL,2024-01-03 19:10:00+00:00,184.3969
AAPL,2024-01-03 19:11:00+00:00,184.41
AAPL,2024-01-03 19:12:00+00:00,184.33
AAPL,2024-01-03 19:13:00+00:00,184.285
AAPL,2024-01-03 19:14:00+00:00,184.31
AAPL,2024-01-03 19:15:00+00:00,184.19
AAPL,2024-01-03 19:16:00+00:00,184.39
AAPL,2024-01-03 19:17:00+00:00,184.3014
AAPL,2024-01-03 19:18:00+00:00,184.385
AAPL,2024-01-03 19:19:00+00:00,184.365
AAPL,2024-01-03 19:20:00+00:00,184.255
AAPL,2024-01-03 19:21:00+00:00,184.26
AAPL,2024-01-03 19:22:00+00:00,184.42
AAPL,2024-01-03 19:23:00+00:00,184.37
AAPL,2024-01-03 19:24:00+00:00,184.455
AAPL,2024-01-03 19:25:00+00:00,184.6
AAPL,2024-01-03 19:26:00+00:00,184.69
AAPL,2024-01-03 19:27:00+00:00,184.715
AAPL,2024-01-03 19:28:00+00:00,184.78
AAPL,2024-01-03 19:29:00+00:00,184.74
AAPL,2024-01-03 19:30:00+00:00,184.76
AAPL,2024-01-03 19:31:00+00:00,184.76
AAPL,2024-01-03 19:32:00+00:00,184.51
AAPL,2024-01-03 19:33:00+00:00,184.56
AAPL,2024-01-03 19:34:00+00:00,184.64
AAPL,2024-01-03 19:35:00+00:00,184.635
AAPL,2024-01-03 19:36:00+00:00,184.59
AAPL,2024-01-03 19:37:00+00:00,184.67
AAPL,2024-01-03 19:38:00+00:00,184.74
AAPL,2024-01-03 19:39:00+00:00,184.6975
AAPL,2024-01-03 19:40:00+00:00,184.71
AAPL,2024-01-03 19:41:00+00:00,184.7
AAPL,2024-01-03 19:42:00+00:00,184.83
AAPL,2024-01-03 19:43:00+00:00,184.9
AAPL,2024-01-03 19:44:00+00:00,184.87
AAPL,2024-01-03 19:45:00+00:00,184.8301
AAPL,2024-01-03 19:46:00+00:00,184.775
AAPL,2024-01-03 19:47:00+00:00,184.79
AAPL,2024-01-03 19:48:00+00:00,184.8
AAPL,2024-01-03 19:49:00+00:00,184.71
AAPL,2024-01-03 19:50:00+00:00,184.695
AAPL,2024-01-03 19:51:00+00:00,184.68
AAPL,2024-01-03 19:52:00+00:00,184.625
AAPL,2024-01-03 19:53:00+00:00,184.635
AAPL,2024-01-03 19:54:00+00:00,184.6099
AAPL,2024-01-03 19:55:00+00:00,184.615
AAPL,2024-01-03 19:56:00+00:00,184.68
AAPL,2024-01-03 19:57:00+00:00,184.71
AAPL,2024-01-03 19:58:00+00:00,184.675
AAPL,2024-01-03 19:59:00+00:00,184.6499
AAPL,2024-01-03 20:00:00+00:00,184.68
AAPL,2024-01-03 20:01:00+00:00,184.54
AAPL,2024-01-03 20:02:00+00:00,184.66
AAPL,2024-01-03 20:03:00+00:00,184.6
AAPL,2024-01-03 20:04:00+00:00,184.62
AAPL,2024-01-03 20:05:00+00:00,184.57
AAPL,2024-01-03 20:06:00+00:00,184.51
AAPL,2024-01-03 20:07:00+00:00,184.45
AAPL,2024-01-03 20:08:00+00:00,184.425
AAPL,2024-01-03 20:09:00+00:00,184.435
AAPL,2024-01-03 20:10:00+00:00,184.5301
AAPL,2024-01-03 20:11:00+00:00,184.5399
AAPL,2024-01-03 20:12:00+00:00,184.52
AAPL,2024-01-03 20:13:00+00:00,184.51
AAPL,2024-01-03 20:14:00+00:00,184.53
AAPL,2024-01-03 20:15:00+00:00,184.545
AAPL,2024-01-03 20:16:00+00:00,184.555
AAPL,2024-01-03 20:17:00+00:00,184.52
AAPL,2024-01-03 20:18:00+00:00,184.525
AAPL,2024-01-03 20:19:00+00:00,184.455
AAPL,2024-01-03 20:20:00+00:00,184.4
AAPL,2024-01-03 20:21:00+00:00,184.4
AAPL,2024-01-03 20:22:00+00:00,184.47
AAPL,2024-01-03 20:23:00+00:00,184.45
AAPL,2024-01-03 20:24:00+00:00,184.29
AAPL,2024-01-03 20:25:00+00:00,184.255
AAPL,2024-01-03 20:26:00+00:00,184.25
AAPL,2024-01-03 20:27:00+00:00,184.265
AAPL,2024-01-03 20:28:00+00:00,184.255
AAPL,2024-01-03 20:29:00+00:00,184.39
AAPL,2024-01-03 20:30:00+00:00,184.3983
AAPL,2024-01-03 20:31:00+00:00,184.45
AAPL,2024-01-03 20:32:00+00:00,184.49
AAPL,2024-01-03 20:33:00+00:00,184.44
AAPL,2024-01-03 20:34:00+00:00,184.4523
AAPL,2024-01-03 20:35:00+00:00,184.41
AAPL,2024-01-03 20:36:00+00:00,184.45
AAPL,2024-01-03 20:37:00+00:00,184.41
AAPL,2024-01-03 20:38:00+00:00,184.44
AAPL,2024-01-03 20:39:00+00:00,184.42
AAPL,2024-01-03 20:40:00+00:00,184.415
AAPL,2024-01-03 20:41:00+00:00,184.34
AAPL,2024-01-03 20:42:00+00:00,184.33
AAPL,2024-01-03 20:43:00+00:00,184.28
AAPL,2024-01-03 20:44:00+00:00,184.215
AAPL,2024-01-03 20:45:00+00:00,184.225
AAPL,2024-01-03 20:46:00+00:00,184.255
AAPL,2024-01-03 20:47:00+00:00,184.285
AAPL,2024-01-03 20:48:00+00:00,184.28
AAPL,2024-01-03 20:49:00+00:00,184.255
AAPL,2024-01-03 20:50:00+00:00,184.105
AAPL,2024-01-03 20:51:00+00:00,184.135
AAPL,2024-01-03 20:52:00+00:00,184.14
AAPL,2024-01-03 20:53:00+00:00,184.07
AAPL,2024-01-03 20:54:00+00:00,184.04
AAPL,2024-01-03 20:55:00+00:00,184.2954
AAPL,2024-01-03 20:56:00+00:00,184.32
AAPL,2024-01-03 20:57:00+00:00,184.25
AAPL,2024-01-03 20:58:00+00:00,184.28
AAPL,2024-01-03 20:59:00+00:00,184.24
AAPL,2024-01-03 21:00:00+00:00,184.29
AAPL,2024-01-03 21:01:00+00:00,184.27
AAPL,2024-01-03 21:02:00+00:00,184.22
AAPL,2024-01-03 21:04:00+00:00,184.1997
AAPL,2024-01-03 21:05:00+00:00,184.22
AAPL,2024-01-03 21:06:00+00:00,184.23
AAPL,2024-01-03 21:07:00+00:00,184.25
AAPL,2024-01-03 21:08:00+00:00,184.23
AAPL,2024-01-03 21:09:00+00:00,184.25
AAPL,2024-01-03 21:10:00+00:00,184.25
AAPL,2024-01-03 21:11:00+00:00,184.24
AAPL,2024-01-03 21:12:00+00:00,184.24
AAPL,2024-01-03 21:13:00+00:00,184.26
AAPL,2024-01-03 21:15:00+00:00,184.24
AAPL,2024-01-03 21:17:00+00:00,184.22
AAPL,2024-01-03 21:18:00+00:00,184.22
AAPL,2024-01-03 21:19:00+00:00,184.2
AAPL,2024-01-03 21:22:00+00:00,184.24
AAPL,2024-01-03 21:23:00+00:00,184.24
AAPL,2024-01-03 21:24:00+00:00,184.24
AAPL,2024-01-03 21:26:00+00:00,184.22
AAPL,2024-01-03 21:27:00+00:00,184.23
AAPL,2024-01-03 21:28:00+00:00,184.21
AAPL,2024-01-03 21:29:00+00:00,184.21
AAPL,2024-01-03 21:30:00+00:00,184.23
AAPL,2024-01-03 21:31:00+00:00,184.21
AAPL,2024-01-03 21:32:00+00:00,184.22
AAPL,2024-01-03 21:33:00+00:00,184.23
AAPL,2024-01-03 21:34:00+00:00,184.2
AAPL,2024-01-03 21:36:00+00:00,184.2
AAPL,2024-01-03 21:37:00+00:00,184.2
AAPL,2024-01-03 21:39:00+00:00,184.19
AAPL,2024-01-03 21:40:00+00:00,184.19
AAPL,2024-01-03 21:41:00+00:00,184.19
AAPL,2024-01-03 21:42:00+00:00,184.22
AAPL,2024-01-03 21:43:00+00:00,184.23
AAPL,2024-01-03 21:44:00+00:00,184.25
AAPL,2024-01-03 21:45:00+00:00,184.25
AAPL,2024-01-03 21:46:00+00:00,184.25
AAPL,2024-01-03 21:47:00+00:00,184.24
AAPL,2024-01-03 21:49:00+00:00,184.23
AAPL,2024-01-03 21:50:00+00:00,184.2101
AAPL,2024-01-03 21:53:00+00:00,184.2
AAPL,2024-01-03 21:55:00+00:00,184.2
AAPL,2024-01-03 21:56:00+00:00,184.2
AAPL,2024-01-03 22:00:00+00:00,184.2
AAPL,2024-01-03 22:03:00+00:00,184.14
AAPL,2024-01-03 22:04:00+00:00,184.14
AAPL,2024-01-03 22:05:00+00:00,184.15
AAPL,2024-01-03 22:06:00+00:00,184.14
AAPL,2024-01-03 22:07:00+00:00,184.13
AAPL,2024-01-03 22:08:00+00:00,184.0201
AAPL,2024-01-03 22:09:00+00:00,184.033
AAPL,2024-01-03 22:11:00+00:00,184.1
AAPL,2024-01-03 22:12:00+00:00,184.09
AAPL,2024-01-03 22:13:00+00:00,184.1
AAPL,2024-01-03 22:14:00+00:00,184.09
AAPL,2024-01-03 22:15:00+00:00,184.09
AAPL,2024-01-03 22:16:00+00:00,184.1
AAPL,2024-01-03 22:17:00+00:00,184.06
AAPL,2024-01-03 22:20:00+00:00,184.06
AAPL,2024-01-03 22:21:00+00:00,184.07
AAPL,2024-01-03 22:22:00+00:00,184.08
AAPL,2024-01-03 22:23:00+00:00,184.09
AAPL,2024-01-03 22:24:00+00:00,184.1
AAPL,2024-01-03 22:26:00+00:00,184.14
AAPL,2024-01-03 22:27:00+00:00,184.14
AAPL,2024-01-03 22:29:00+00:00,184.14
AAPL,2024-01-03 22:32:00+00:00,184.15
AAPL,2024-01-03 22:33:00+00:00,184.1473
AAPL,2024-01-03 22:34:00+00:00,184.15
AAPL,2024-01-03 22:35:00+00:00,184.13
AAPL,2024-01-03 22:37:00+00:00,184.15
AAPL,2024-01-03 22:38:00+00:00,184.15
AAPL,2024-01-03 22:40:00+00:00,184.15
AAPL,2024-01-03 22:42:00+00:00,184.1301
AAPL,2024-01-03 22:44:00+00:00,184.16
AAPL,2024-01-03 22:48:00+00:00,184.25
AAPL,2024-01-03 22:49:00+00:00,184.2
AAPL,2024-01-03 22:50:00+00:00,184.15
AAPL,2024-01-03 22:52:00+00:00,184.2
AAPL,2024-01-03 22:53:00+00:00,184.2
AAPL,2024-01-03 22:56:00+00:00,184.13
AAPL,2024-01-03 22:57:00+00:00,184.13
AAPL,2024-01-03 23:00:00+00:00,184.25
AAPL,2024-01-03 23:01:00+00:00,184.3
AAPL,2024-01-03 23:02:00+00:00,184.29
AAPL,2024-01-03 23:03:00+00:00,184.2985
AAPL,2024-01-03 23:05:00+00:00,184.27
AAPL,2024-01-03 23:06:00+00:00,184.2117
AAPL,2024-01-03 23:09:00+00:00,184.21
AAPL,2024-01-03 23:10:00+00:00,184.23
AAPL,2024-01-03 23:11:00+00:00,184.21
AAPL,2024-01-03 23:14:00+00:00,184.2395
AAPL,2024-01-03 23:18:00+00:00,184.1962
AAPL,2024-01-03 23:19:00+00:00,184.17
AAPL,2024-01-03 23:22:00+00:00,184.22
AAPL,2024-01-03 23:23:00+00:00,184.25
AAPL,2024-01-03 23:27:00+00:00,184.25
AAPL,2024-01-03 23:30:00+00:00,184.25
AAPL,2024-01-03 23:34:00+00:00,184.25
AAPL,2024-01-03 23:41:00+00:00,184.23
AAPL,2024-01-03 23:45:00+00:00,184.2
AAPL,2024-01-03 23:46:00+00:00,184.22
AAPL,2024-01-03 23:48:00+00:00,184.2011
AAPL,2024-01-03 23:49:00+00:00,184.22
AAPL,2024-01-03 23:50:00+00:00,184.22
AAPL,2024-01-03 23:51:00+00:00,184.22
AAPL,2024-01-03 23:54:00+00:00,184.2301
AAPL,2024-01-03 23:56:00+00:00,184.23
AAPL,2024-01-03 23:57:00+00:00,184.25
AAPL,2024-01-03 23:58:00+00:00,184.29
AAPL,2024-01-04 00:00:00+00:00,184.2
AAPL,2024-01-04 00:01:00+00:00,184.15
AAPL,2024-01-04 00:04:00+00:00,184.19
AAPL,2024-01-04 00:06:00+00:00,184.11
AAPL,2024-01-04 00:07:00+00:00,184.17
AAPL,2024-01-04 00:08:00+00:00,184.12
AAPL,2024-01-04 00:09:00+00:00,184.15
AAPL,2024-01-04 00:10:00+00:00,184.16
AAPL,2024-01-04 00:11:00+00:00,184.14
AAPL,2024-01-04 00:12:00+00:00,184.14
AAPL,2024-01-04 00:15:00+00:00,184.12
AAPL,2024-01-04 00:16:00+00:00,184.1
AAPL,2024-01-04 00:17:00+00:00,184.07
AAPL,2024-01-04 00:18:00+00:00,184.05
AAPL,2024-01-04 00:19:00+00:00,184.07
AAPL,2024-01-04 00:22:00+00:00,184.1
AAPL,2024-01-04 00:24:00+00:00,184.13
AAPL,2024-01-04 00:27:00+00:00,184.15
AAPL,2024-01-04 00:28:00+00:00,184.17
AAPL,2024-01-04 00:30:00+00:00,184.19
AAPL,2024-01-04 00:32:00+00:00,184.17
AAPL,2024-01-04 00:33:00+00:00,184.17
AAPL,2024-01-04 00:35:00+00:00,184.17
AAPL,2024-01-04 00:36:00+00:00,184.1702
AAPL,2024-01-04 00:39:00+00:00,184.17
AAPL,2024-01-04 00:40:00+00:00,184.17
AAPL,2024-01-04 00:41:00+00:00,184.1699
AAPL,2024-01-04 00:44:00+00:00,184.17
AAPL,2024-01-04 00:46:00+00:00,184.18
AAPL,2024-01-04 00:48:00+00:00,184.18
AAPL,2024-01-04 00:49:00+00:00,184.19
AAPL,2024-01-04 00:50:00+00:00,184.22
AAPL,2024-01-04 00:51:00+00:00,184.21
AAPL,2024-01-04 00:52:00+00:00,184.22
AAPL,2024-01-04 00:53:00+00:00,184.24
AAPL,2024-01-04 00:54:00+00:00,184.25
AAPL,2024-01-04 00:55:00+00:00,184.29
AAPL,2024-01-04 00:56:00+00:00,184.25
AAPL,2024-01-04 00:57:00+00:00,184.3
AAPL,2024-01-04 00:58:00+00:00,184.28
AAPL,2024-01-04 00:59:00+00:00,184.3
AAPL,2024-01-04 09:00:00+00:00,182.83
AAPL,2024-01-04 09:01:00+00:00,182.72
AAPL,2024-01-04 09:02:00+00:00,182.8
AAPL,2024-01-04 09:03:00+00:00,182.8
AAPL,2024-01-04 09:05:00+00:00,182.97
AAPL,2024-01-04 09:06:00+00:00,182.97
AAPL,2024-01-04 09:07:00+00:00,182.92
AAPL,2024-01-04 09:08:00+00:00,182.9
AAPL,2024-01-04 09:09:00+00:00,182.89
AAPL,2024-01-04 09:11:00+00:00,182.92
AAPL,2024-01-04 09:12:00+00:00,182.92
AAPL,2024-01-04 09:13:00+00:00,182.95
AAPL,2024-01-04 09:14:00+00:00,182.94
AAPL,2024-01-04 09:16:00+00:00,182.95
AAPL,2024-01-04 09:17:00+00:00,183.0
AAPL,2024-01-04 09:19:00+00:00,183.15
AAPL,2024-01-04 09:21:00+00:00,183.07
AAPL,2024-01-04 09:22:00+00:00,183.12
AAPL,2024-01-04 09:23:00+00:00,183.0
AAPL,2024-01-04 09:24:00+00:00,183.0
AAPL,2024-01-04 09:25:00+00:00,183.01
AAPL,2024-01-04 09:26:00+00:00,183.0
AAPL,2024-01-04 09:27:00+00:00,183.0
AAPL,2024-01-04 09:28:00+00:00,183.0
AAPL,2024-01-04 09:31:00+00:00,183.04
AAPL,2024-01-04 09:32:00+00:00,183.04
AAPL,2024-01-04 09:36:00+00:00,183.06
AAPL,2024-01-04 09:39:00+00:00,183.06
AAPL,2024-01-04 09:42:00+00:00,183.07
AAPL,2024-01-04 09:43:00+00:00,183.05
AAPL,2024-01-04 09:44:00+00:00,183.07
AAPL,2024-01-04 09:46:00+00:00,183.11
AAPL,2024-01-04 09:47:00+00:00,183.15
AAPL,2024-01-04 09:48:00+00:00,183.18
AAPL,2024-01-04 09:49:00+00:00,183.0
AAPL,2024-01-04 09:51:00+00:00,183.01
AAPL,2024-01-04 09:52:00+00:00,183.09
AAPL,2024-01-04 09:57:00+00:00,183.09
AAPL,2024-01-04 09:59:00+00:00,183.09
AAPL,2024-01-04 10:06:00+00:00,183.01
AAPL,2024-01-04 10:08:00+00:00,182.86
AAPL,2024-01-04 10:09:00+00:00,182.85
AAPL,2024-01-04 10:12:00+00:00,182.99
AAPL,2024-01-04 10:14:00+00:00,183.0
AAPL,2024-01-04 10:17:00+00:00,183.05
AAPL,2024-01-04 10:18:00+00:00,183.07
AAPL,2024-01-04 10:19:00+00:00,183.03
AAPL,2024-01-04 10:20:00+00:00,183.03
AAPL,2024-01-04 10:25:00+00:00,183.08
AAPL,2024-01-04 10:27:00+00:00,183.06
AAPL,2024-01-04 10:28:00+00:00,183.0
AAPL,2024-01-04 10:34:00+00:00,182.99
AAPL,2024-01-04 10:35:00+00:00,182.84
AAPL,2024-01-04 10:44:00+00:00,182.84
AAPL,2024-01-04 10:46:00+00:00,182.83
AAPL,2024-01-04 10:47:00+00:00,182.76
AAPL,2024-01-04 10:48:00+00:00,182.6
AAPL,2024-01-04 10:49:00+00:00,182.55
AAPL,2024-01-04 10:51:00+00:00,182.67
AAPL,2024-01-04 10:53:00+00:00,182.62
AAPL,2024-01-04 10:54:00+00:00,182.7
AAPL,2024-01-04 10:56:00+00:00,182.75
AAPL,2024-01-04 10:58:00+00:00,182.75
AAPL,2024-01-04 10:59:00+00:00,182.75
AAPL,2024-01-04 11:01:00+00:00,182.77
AAPL,2024-01-04 11:05:00+00:00,182.88
AAPL,2024-01-04 11:06:00+00:00,182.88
AAPL,2024-01-04 11:07:00+00:00,183.09
AAPL,2024-01-04 11:09:00+00:00,183.1
AAPL,2024-01-04 11:11:00+00:00,183.05
AAPL,2024-01-04 11:15:00+00:00,183.05
AAPL,2024-01-04 11:18:00+00:00,183.08
AAPL,2024-01-04 11:20:00+00:00,183.07
AAPL,2024-01-04 11:25:00+00:00,183.04
AAPL,2024-01-04 11:26:00+00:00,183.14
AAPL,2024-01-04 11:32:00+00:00,183.1
AAPL,2024-01-04 11:34:00+00:00,183.0
AAPL,2024-01-04 11:38:00+00:00,182.77
AAPL,2024-01-04 11:39:00+00:00,182.75
AAPL,2024-01-04 11:40:00+00:00,182.74
AAPL,2024-01-04 11:41:00+00:00,182.74
AAPL,2024-01-04 11:43:00+00:00,182.74
AAPL,2024-01-04 11:54:00+00:00,182.8
AAPL,2024-01-04 11:58:00+00:00,182.67
AAPL,2024-01-04 12:00:00+00:00,183.03
AAPL,2024-01-04 12:01:00+00:00,183.07
AAPL,2024-01-04 12:02:00+00:00,182.91
AAPL,2024-01-04 12:03:00+00:00,182.85
AAPL,2024-01-04 12:04:00+00:00,182.9
AAPL,2024-01-04 12:05:00+00:00,182.86
AAPL,2024-01-04 12:06:00+00:00,182.9
AAPL,2024-01-04 12:07:00+00:00,182.86
AAPL,2024-01-04 12:08:00+00:00,182.85
AAPL,2024-01-04 12:09:00+00:00,183.0
AAPL,2024-01-04 12:10:00+00:00,183.2
AAPL,2024-01-04 12:11:00+00:00,183.17
AAPL,2024-01-04 12:12:00+00:00,183.25
AAPL,2024-01-04 12:14:00+00:00,183.25
AAPL,2024-01-04 12:15:00+00:00,183.05
AAPL,2024-01-04 12:16:00+00:00,183.05
AAPL,2024-01-04 12:17:00+00:00,183.0
AAPL,2024-01-04 12:18:00+00:00,182.88
AAPL,2024-01-04 12:19:00+00:00,182.95
AAPL,2024-01-04 12:20:00+00:00,182.95
AAPL,2024-01-04 12:21:00+00:00,182.92
AAPL,2024-01-04 12:22:00+00:00,182.93
AAPL,2024-01-04 12:24:00+00:00,182.9
AAPL,2024-01-04 12:25:00+00:00,182.85
AAPL,2024-01-04 12:26:00+00:00,182.93
AAPL,2024-01-04 12:27:00+00:00,183.0
AAPL,2024-01-04 12:30:00+00:00,182.97
AAPL,2024-01-04 12:31:00+00:00,182.96
AAPL,2024-01-04 12:32:00+00:00,182.98
AAPL,2024-01-04 12:33:00+00:00,182.96
AAPL,2024-01-04 12:34:00+00:00,182.99
AAPL,2024-01-04 12:35:00+00:00,183.0
AAPL,2024-01-04 12:36:00+00:00,182.98
AAPL,2024-01-04 12:37:00+00:00,182.97
AAPL,2024-01-04 12:38:00+00:00,182.9
AAPL,2024-01-04 12:39:00+00:00,182.85
AAPL,2024-01-04 12:41:00+00:00,182.87
AAPL,2024-01-04 12:42:00+00:00,182.87
AAPL,2024-01-04 12:43:00+00:00,182.89
AAPL,2024-01-04 12:44:00+00:00,182.9
AAPL,2024-01-04 12:45:00+00:00,182.9
AAPL,2024-01-04 12:46:00+00:00,182.9
AAPL,2024-01-04 12:49:00+00:00,182.88
AAPL,2024-01-04 12:50:00+00:00,182.9
AAPL,2024-01-04 12:51:00+00:00,182.9
AAPL,2024-01-04 12:52:00+00:00,182.84
AAPL,2024-01-04 12:54:00+00:00,182.8
AAPL,2024-01-04 12:55:00+00:00,182.79
AAPL,2024-01-04 12:57:00+00:00,182.72
AAPL,2024-01-04 12:58:00+00:00,182.7
AAPL,2024-01-04 12:59:00+00:00,182.66
AAPL,2024-01-04 13:00:00+00:00,182.68
AAPL,2024-01-04 13:01:00+00:00,184.7
AAPL,2024-01-04 13:02:00+00:00,183.03
AAPL,2024-01-04 13:03:00+00:00,184.5
AAPL,2024-01-04 13:04:00+00:00,182.66
AAPL,2024-01-04 13:05:00+00:00,182.8
AAPL,2024-01-04 13:06:00+00:00,182.71
AAPL,2024-01-04 13:07:00+00:00,182.706
AAPL,2024-01-04 13:08:00+00:00,182.79
AAPL,2024-01-04 13:10:00+00:00,182.23
AAPL,2024-01-04 13:11:00+00:00,182.15
AAPL,2024-01-04 13:12:00+00:00,182.07
AAPL,2024-01-04 13:13:00+00:00,182.04
AAPL,2024-01-04 13:14:00+00:00,182.18
AAPL,2024-01-04 13:15:00+00:00,182.13
AAPL,2024-01-04 13:16:00+00:00,182.2
AAPL,2024-01-04 13:17:00+00:00,182.34
AAPL,2024-01-04 13:18:00+00:00,182.37
AAPL,2024-01-04 13:19:00+00:00,182.2853
AAPL,2024-01-04 13:20:00+00:00,182.11
AAPL,2024-01-04 13:21:00+00:00,182.0
AAPL,2024-01-04 13:22:00+00:00,182.0
AAPL,2024-01-04 13:23:00+00:00,182.02
AAPL,2024-01-04 13:24:00+00:00,182.1
AAPL,2024-01-04 13:25:00+00:00,182.07
AAPL,2024-01-04 13:26:00+00:00,182.21
AAPL,2024-01-04 13:27:00+00:00,182.21
AAPL,2024-01-04 13:28:00+00:00,182.2147
AAPL,2024-01-04 13:29:00+00:00,182.25
AAPL,2024-01-04 13:30:00+00:00,182.16
AAPL,2024-01-04 13:31:00+00:00,182.13
AAPL,2024-01-04 13:32:00+00:00,182.13
AAPL,2024-01-04 13:33:00+00:00,182.19
AAPL,2024-01-04 13:34:00+00:00,182.1312
AAPL,2024-01-04 13:35:00+00:00,182.06
AAPL,2024-01-04 13:36:00+00:00,182.13
AAPL,2024-01-04 13:37:00+00:00,182.14
AAPL,2024-01-04 13:38:00+00:00,182.0309
AAPL,2024-01-04 13:39:00+00:00,181.94
AAPL,2024-01-04 13:40:00+00:00,181.9688
AAPL,2024-01-04 13:41:00+00:00,181.97
AAPL,2024-01-04 13:42:00+00:00,182.01
AAPL,2024-01-04 13:43:00+00:00,182.01
AAPL,2024-01-04 13:44:00+00:00,182.06
AAPL,2024-01-04 13:45:00+00:00,182.07
AAPL,2024-01-04 13:46:00+00:00,182.09
AAPL,2024-01-04 13:47:00+00:00,182.1
AAPL,2024-01-04 13:48:00+00:00,182.1
AAPL,2024-01-04 13:49:00+00:00,182.07
AAPL,2024-01-04 13:50:00+00:00,182.08
AAPL,2024-01-04 13:51:00+00:00,182.0701
AAPL,2024-01-04 13:52:00+00:00,182.1
AAPL,2024-01-04 13:53:00+00:00,182.09
AAPL,2024-01-04 13:54:00+00:00,182.07
AAPL,2024-01-04 13:55:00+00:00,182.06
AAPL,2024-01-04 13:56:00+00:00,182.03
AAPL,2024-01-04 13:57:00+00:00,181.96
AAPL,2024-01-04 13:58:00+00:00,181.98
AAPL,2024-01-04 13:59:00+00:00,181.98
AAPL,2024-01-04 14:00:00+00:00,181.98
AAPL,2024-01-04 14:01:00+00:00,181.98
AAPL,2024-01-04 14:02:00+00:00,182.059
AAPL,2024-01-04 14:03:00+00:00,182.0
AAPL,2024-01-04 14:04:00+00:00,181.9519
AAPL,2024-01-04 14:05:00+00:00,181.96
AAPL,2024-01-04 14:06:00+00:00,182.0401
AAPL,2024-01-04 14:07:00+00:00,182.15
AAPL,2024-01-04 14:08:00+00:00,182.3
AAPL,2024-01-04 14:09:00+00:00,182.2991
AAPL,2024-01-04 14:10:00+00:00,182.4
AAPL,2024-01-04 14:11:00+00:00,182.55
AAPL,2024-01-04 14:12:00+00:00,182.414
AAPL,2024-01-04 14:13:00+00:00,182.3571
AAPL,2024-01-04 14:14:00+00:00,182.44
AAPL,2024-01-04 14:15:00+00:00,182.53
AAPL,2024-01-04 14:16:00+00:00,182.52
AAPL,2024-01-04 14:17:00+00:00,182.46
AAPL,2024-01-04 14:18:00+00:00,182.39
AAPL,2024-01-04 14:19:00+00:00,182.26
AAPL,2024-01-04 14:20:00+00:00,182.29
AAPL,2024-01-04 14:21:00+00:00,182.34
AAPL,2024-01-04 14:22:00+00:00,182.3284
AAPL,2024-01-04 14:23:00+00:00,182.32
AAPL,2024-01-04 14:24:00+00:00,182.3
AAPL,2024-01-04 14:25:00+00:00,182.18
AAPL,2024-01-04 14:26:00+00:00,182.2
AAPL,2024-01-04 14:27:00+00:00,181.97
AAPL,2024-01-04 14:28:00+00:00,181.9
AAPL,2024-01-04 14:29:00+00:00,181.98
AAPL,2024-01-04 14:30:00+00:00,182.53
AAPL,2024-01-04 14:31:00+00:00,182.21
AAPL,2024-01-04 14:32:00+00:00,182.0627
AAPL,2024-01-04 14:33:00+00:00,182.49
AAPL,2024-01-04 14:34:00+00:00,182.7899
AAPL,2024-01-04 14:35:00+00:00,182.93
AAPL,2024-01-04 14:36:00+00:00,182.7914
AAPL,2024-01-04 14:37:00+00:00,182.55
AAPL,2024-01-04 14:38:00+00:00,182.4933
AAPL,2024-01-04 14:39:00+00:00,182.72
AAPL,2024-01-04 14:40:00+00:00,182.56
AAPL,2024-01-04 14:41:00+00:00,182.54
AAPL,2024-01-04 14:42:00+00:00,182.22
AAPL,2024-01-04 14:43:00+00:00,182.0688
AAPL,2024-01-04 14:44:00+00:00,182.061
AAPL,2024-01-04 14:45:00+00:00,182.19
AAPL,2024-01-04 14:46:00+00:00,182.01
AAPL,2024-01-04 14:47:00+00:00,181.87
AAPL,2024-01-04 14:48:00+00:00,181.98
AAPL,2024-01-04 14:49:00+00:00,181.685
AAPL,2024-01-04 14:50:00+00:00,181.715
AAPL,2024-01-04 14:51:00+00:00,181.845
AAPL,2024-01-04 14:52:00+00:00,181.9608
AAPL,2024-01-04 14:53:00+00:00,181.85
AAPL,2024-01-04 14:54:00+00:00,181.875
AAPL,2024-01-04 14:55:00+00:00,181.87
AAPL,2024-01-04 14:56:00+00:00,181.65
AAPL,2024-01-04 14:57:00+00:00,181.51
AAPL,2024-01-04 14:58:00+00:00,181.2686
AAPL,2024-01-04 14:59:00+00:00,181.4801
AAPL,2024-01-04 15:00:00+00:00,181.75
AAPL,2024-01-04 15:01:00+00:00,181.7802
AAPL,2024-01-04 15:02:00+00:00,181.68
AAPL,2024-01-04 15:03:00+00:00,181.625
AAPL,2024-01-04 15:04:00+00:00,181.6983
AAPL,2024-01-04 15:05:00+00:00,181.735
AAPL,2024-01-04 15:06:00+00:00,181.74
AAPL,2024-01-04 15:07:00+00:00,181.89
AAPL,2024-01-04 15:08:00+00:00,182.025
AAPL,2024-01-04 15:09:00+00:00,182.05
AAPL,2024-01-04 15:10:00+00:00,181.95
AAPL,2024-01-04 15:11:00+00:00,182.11
AAPL,2024-01-04 15:12:00+00:00,182.075
AAPL,2024-01-04 15:13:00+00:00,181.9366
AAPL,2024-01-04 15:14:00+00:00,181.95
AAPL,2024-01-04 15:15:00+00:00,181.975
AAPL,2024-01-04 15:16:00+00:00,181.935
AAPL,2024-01-04 15:17:00+00:00,181.915
AAPL,2024-01-04 15:18:00+00:00,181.865
AAPL,2024-01-04 15:19:00+00:00,181.83
AAPL,2024-01-04 15:20:00+00:00,181.785
AAPL,2024-01-04 15:21:00+00:00,181.735
AAPL,2024-01-04 15:22:00+00:00,181.69
AAPL,2024-01-04 15:23:00+00:00,181.635
AAPL,2024-01-04 15:24:00+00:00,181.645
AAPL,2024-01-04 15:25:00+00:00,181.645
AAPL,2024-01-04 15:26:00+00:00,181.6599
AAPL,2024-01-04 15:27:00+00:00,181.73
AAPL,2024-01-04 15:28:00+00:00,181.705
AAPL,2024-01-04 15:29:00+00:00,181.68
AAPL,2024-01-04 15:30:00+00:00,181.535
AAPL,2024-01-04 15:31:00+00:00,181.5814
AAPL,2024-01-04 15:32:00+00:00,181.3543
AAPL,2024-01-04 15:33:00+00:00,181.245
AAPL,2024-01-04 15:34:00+00:00,181.175
AAPL,2024-01-04 15:35:00+00:00,181.08
AAPL,2024-01-04 15:36:00+00:00,180.945
AAPL,2024-01-04 15:37:00+00:00,180.9901
AAPL,2024-01-04 15:38:00+00:00,181.125
AAPL,2024-01-04 15:39:00+00:00,181.17
AAPL,2024-01-04 15:40:00+00:00,181.185
AAPL,2024-01-04 15:41:00+00:00,181.175
AAPL,2024-01-04 15:42:00+00:00,181.1386
AAPL,2024-01-04 15:43:00+00:00,181.215
AAPL,2024-01-04 15:44:00+00:00,181.275
AAPL,2024-01-04 15:45:00+00:00,181.275
AAPL,2024-01-04 15:46:00+00:00,181.295
AAPL,2024-01-04 15:47:00+00:00,181.4199
AAPL,2024-01-04 15:48:00+00:00,181.47
AAPL,2024-01-04 15:49:00+00:00,181.63
AAPL,2024-01-04 15:50:00+00:00,181.595
AAPL,2024-01-04 15:51:00+00:00,181.5324
AAPL,2024-01-04 15:52:00+00:00,181.485
AAPL,2024-01-04 15:53:00+00:00,181.52
AAPL,2024-01-04 15:54:00+00:00,181.685
AAPL,2024-01-04 15:55:00+00:00,181.56
AAPL,2024-01-04 15:56:00+00:00,181.58
AAPL,2024-01-04 15:57:00+00:00,181.67
AAPL,2024-01-04 15:58:00+00:00,181.46
AAPL,2024-01-04 15:59:00+00:00,181.49
AAPL,2024-01-04 16:00:00+00:00,181.69
AAPL,2024-01-04 16:01:00+00:00,181.745
AAPL,2024-01-04 16:02:00+00:00,181.6799
AAPL,2024-01-04 16:03:00+00:00,181.72
AAPL,2024-01-04 16:04:00+00:00,181.77
AAPL,2024-01-04 16:05:00+00:00,181.811
AAPL,2024-01-04 16:06:00+00:00,181.855
AAPL,2024-01-04 16:07:00+00:00,181.78
AAPL,2024-01-04 16:08:00+00:00,181.845
AAPL,2024-01-04 16:09:00+00:00,181.995
AAPL,2024-01-04 16:10:00+00:00,182.14
AAPL,2024-01-04 16:11:00+00:00,182.08
AAPL,2024-01-04 16:12:00+00:00,182.1
AAPL,2024-01-04 16:13:00+00:00,182.19
AAPL,2024-01-04 16:14:00+00:00,182.245
AAPL,2024-01-04 16:15:00+00:00,182.2427
AAPL,2024-01-04 16:16:00+00:00,182.3215
AAPL,2024-01-04 16:17:00+00:00,182.2201
AAPL,2024-01-04 16:18:00+00:00,182.11
AAPL,2024-01-04 16:19:00+00:00,182.13
AAPL,2024-01-04 16:20:00+00:00,182.05
AAPL,2024-01-04 16:21:00+00:00,182.135
AAPL,2024-01-04 16:22:00+00:00,182.1769
AAPL,2024-01-04 16:23:00+00:00,182.1748
AAPL,2024-01-04 16:24:00+00:00,182.235
AAPL,2024-01-04 16:25:00+00:00,182.3183
AAPL,2024-01-04 16:26:00+00:00,182.23
AAPL,2024-01-04 16:27:00+00:00,182.24
AAPL,2024-01-04 16:28:00+00:00,182.225
AAPL,2024-01-04 16:29:00+00:00,182.125
AAPL,2024-01-04 16:30:00+00:00,182.1
AAPL,2024-01-04 16:31:00+00:00,181.9909
AAPL,2024-01-04 16:32:00+00:00,182.065
AAPL,2024-01-04 16:33:00+00:00,182.2752
AAPL,2024-01-04 16:34:00+00:00,182.215
AAPL,2024-01-04 16:35:00+00:00,182.2458
AAPL,2024-01-04 16:36:00+00:00,182.345
AAPL,2024-01-04 16:37:00+00:00,182.39
AAPL,2024-01-04 16:38:00+00:00,182.29
AAPL,2024-01-04 16:39:00+00:00,182.25
AAPL,2024-01-04 16:40:00+00:00,182.22
AAPL,2024-01-04 16:41:00+00:00,182.215
AAPL,2024-01-04 16:42:00+00:00,182.13
AAPL,2024-01-04 16:43:00+00:00,182.23
AAPL,2024-01-04 16:44:00+00:00,182.125
AAPL,2024-01-04 16:45:00+00:00,182.09
AAPL,2024-01-04 16:46:00+00:00,181.94
AAPL,2024-01-04 16:47:00+00:00,181.905
AAPL,2024-01-04 16:48:00+00:00,181.915
AAPL,2024-01-04 16:49:00+00:00,181.805
AAPL,2024-01-04 16:50:00+00:00,181.71
AAPL,2024-01-04 16:51:00+00:00,181.64
AAPL,2024-01-04 16:52:00+00:00,181.49
AAPL,2024-01-04 16:53:00+00:00,181.55
AAPL,2024-01-04 16:54:00+00:00,181.49
AAPL,2024-01-04 16:55:00+00:00,181.42
AAPL,2024-01-04 16:56:00+00:00,181.4401
AAPL,2024-01-04 16:57:00+00:00,181.43
AAPL,2024-01-04 16:58:00+00:00,181.395
AAPL,2024-01-04 16:59:00+00:00,181.44
AAPL,2024-01-04 17:00:00+00:00,181.5
AAPL,2024-01-04 17:01:00+00:00,181.569
AAPL,2024-01-04 17:02:00+00:00,181.503
AAPL,2024-01-04 17:03:00+00:00,181.53
AAPL,2024-01-04 17:04:00+00:00,181.68
AAPL,2024-01-04 17:05:00+00:00,181.73
AAPL,2024-01-04 17:06:00+00:00,181.74
AAPL,2024-01-04 17:07:00+00:00,181.79
AAPL,2024-01-04 17:08:00+00:00,181.715
AAPL,2024-01-04 17:09:00+00:00,181.725
AAPL,2024-01-04 17:10:00+00:00,181.81
AAPL,2024-01-04 17:11:00+00:00,181.92
AAPL,2024-01-04 17:12:00+00:00,181.885
AAPL,2024-01-04 17:13:00+00:00,181.8899
AAPL,2024-01-04 17:14:00+00:00,182.015
AAPL,2024-01-04 17:15:00+00:00,182.025
AAPL,2024-01-04 17:16:00+00:00,182.025
AAPL,2024-01-04 17:17:00+00:00,181.85
AAPL,2024-01-04 17:18:00+00:00,181.855
AAPL,2024-01-04 17:19:00+00:00,181.925
AAPL,2024-01-04 17:20:00+00:00,181.9675
AAPL,2024-01-04 17:21:00+00:00,181.9274
AAPL,2024-01-04 17:22:00+00:00,181.915
AAPL,2024-01-04 17:23:00+00:00,181.965
AAPL,2024-01-04 17:24:00+00:00,181.9299
AAPL,2024-01-04 17:25:00+00:00,181.985
AAPL,2024-01-04 17:26:00+00:00,181.9736
AAPL,2024-01-04 17:27:00+00:00,182.01
AAPL,2024-01-04 17:28:00+00:00,182.0
AAPL,2024-01-04 17:29:00+00:00,182.14
AAPL,2024-01-04 17:30:00+00:00,182.062
AAPL,2024-01-04 17:31:00+00:00,182.18
AAPL,2024-01-04 17:32:00+00:00,182.145
AAPL,2024-01-04 17:33:00+00:00,182.1
AAPL,2024-01-04 17:34:00+00:00,182.015
AAPL,2024-01-04 17:35:00+00:00,182.0353
AAPL,2024-01-04 17:36:00+00:00,182.18
AAPL,2024-01-04 17:37:00+00:00,182.155
AAPL,2024-01-04 17:38:00+00:00,182.215
AAPL,2024-01-04 17:39:00+00:00,182.228
AAPL,2024-01-04 17:40:00+00:00,182.215
AAPL,2024-01-04 17:41:00+00:00,182.33
AAPL,2024-01-04 17:42:00+00:00,182.35
AAPL,2024-01-04 17:43:00+00:00,182.2825
AAPL,2024-01-04 17:44:00+00:00,182.235
AAPL,2024-01-04 17:45:00+00:00,182.055
AAPL,2024-01-04 17:46:00+00:00,182.08
AAPL,2024-01-04 17:47:00+00:00,182.0932
AAPL,2024-01-04 17:48:00+00:00,182.04
AAPL,2024-01-04 17:49:00+00:00,182.0911
AAPL,2024-01-04 17:50:00+00:00,182.015
AAPL,2024-01-04 17:51:00+00:00,182.05
AAPL,2024-01-04 17:52:00+00:00,182.065
AAPL,2024-01-04 17:53:00+00:00,182.1499
AAPL,2024-01-04 17:54:00+00:00,182.2338
AAPL,2024-01-04 17:55:00+00:00,182.23
AAPL,2024-01-04 17:56:00+00:00,182.23
AAPL,2024-01-04 17:57:00+00:00,182.2594
AAPL,2024-01-04 17:58:00+00:00,182.243
AAPL,2024-01-04 17:59:00+00:00,182.235
AAPL,2024-01-04 18:00:00+00:00,182.185
AAPL,2024-01-04 18:01:00+00:00,182.315
AAPL,2024-01-04 18:02:00+00:00,182.24
AAPL,2024-01-04 18:03:00+00:00,182.2159
AAPL,2024-01-04 18:04:00+00:00,182.245
AAPL,2024-01-04 18:05:00+00:00,182.205
AAPL,2024-01-04 18:06:00+00:00,182.3
AAPL,2024-01-04 18:07:00+00:00,182.2186
AAPL,2024-01-04 18:08:00+00:00,182.2901
AAPL,2024-01-04 18:09:00+00:00,182.3677
AAPL,2024-01-04 18:10:00+00:00,182.4199
AAPL,2024-01-04 18:11:00+00:00,182.435
AAPL,2024-01-04 18:12:00+00:00,182.41
AAPL,2024-01-04 18:13:00+00:00,182.4991
AAPL,2024-01-04 18:14:00+00:00,182.65
AAPL,2024-01-04 18:15:00+00:00,182.6399
AAPL,2024-01-04 18:16:00+00:00,182.7188
AAPL,2024-01-04 18:17:00+00:00,182.835
AAPL,2024-01-04 18:18:00+00:00,182.8899
AAPL,2024-01-04 18:19:00+00:00,182.805
AAPL,2024-01-04 18:20:00+00:00,182.93
AAPL,2024-01-04 18:21:00+00:00,182.915
AAPL,2024-01-04 18:22:00+00:00,182.88
AAPL,2024-01-04 18:23:00+00:00,182.975
AAPL,2024-01-04 18:24:00+00:00,182.935
AAPL,2024-01-04 18:25:00+00:00,182.975
AAPL,2024-01-04 18:26:00+00:00,182.987
AAPL,2024-01-04 18:27:00+00:00,182.98
AAPL,2024-01-04 18:28:00+00:00,182.9
AAPL,2024-01-04 18:29:00+00:00,182.915
AAPL,2024-01-04 18:30:00+00:00,182.8835
AAPL,2024-01-04 18:31:00+00:00,182.79
AAPL,2024-01-04 18:32:00+00:00,182.7801
AAPL,2024-01-04 18:33:00+00:00,182.813
AAPL,2024-01-04 18:34:00+00:00,182.83
AAPL,2024-01-04 18:35:00+00:00,182.905
AAPL,2024-01-04 18:36:00+00:00,182.97
AAPL,2024-01-04 18:37:00+00:00,182.91
AAPL,2024-01-04 18:38:00+00:00,182.865
AAPL,2024-01-04 18:39:00+00:00,182.87
AAPL,2024-01-04 18:40:00+00:00,182.9
AAPL,2024-01-04 18:41:00+00:00,182.805
AAPL,2024-01-04 18:42:00+00:00,182.89
AAPL,2024-01-04 18:43:00+00:00,182.93
AAPL,2024-01-04 18:44:00+00:00,182.955
AAPL,2024-01-04 18:45:00+00:00,182.9501
AAPL,2024-01-04 18:46:00+00:00,182.9
AAPL,2024-01-04 18:47:00+00:00,182.95
AAPL,2024-01-04 18:48:00+00:00,182.985
AAPL,2024-01-04 18:49:00+00:00,182.925
AAPL,2024-01-04 18:50:00+00:00,183.036
AAPL,2024-01-04 18:51:00+00:00,182.935
AAPL,2024-01-04 18:52:00+00:00,182.99
AAPL,2024-01-04 18:53:00+00:00,182.925
AAPL,2024-01-04 18:54:00+00:00,182.79
AAPL,2024-01-04 18:55:00+00:00,182.765
AAPL,2024-01-04 18:56:00+00:00,182.7
AAPL,2024-01-04 18:57:00+00:00,182.845
AAPL,2024-01-04 18:58:00+00:00,182.76
AAPL,2024-01-04 18:59:00+00:00,182.75
AAPL,2024-01-04 19:00:00+00:00,182.875
AAPL,2024-01-04 19:01:00+00:00,182.945
AAPL,2024-01-04 19:02:00+00:00,182.85
AAPL,2024-01-04 19:03:00+00:00,182.78
AAPL,2024-01-04 19:04:00+00:00,182.72
AAPL,2024-01-04 19:05:00+00:00,182.76
AAPL,2024-01-04 19:06:00+00:00,182.67
AAPL,2024-01-04 19:07:00+00:00,182.69
AAPL,2024-01-04 19:08:00+00:00,182.7
AAPL,2024-01-04 19:09:00+00:00,182.6
AAPL,2024-01-04 19:10:00+00:00,182.465
AAPL,2024-01-04 19:11:00+00:00,182.4899
AAPL,2024-01-04 19:12:00+00:00,182.54
AAPL,2024-01-04 19:13:00+00:00,182.665
AAPL,2024-01-04 19:14:00+00:00,182.67
AAPL,2024-01-04 19:15:00+00:00,182.755
AAPL,2024-01-04 19:16:00+00:00,182.68
AAPL,2024-01-04 19:17:00+00:00,182.686
AAPL,2024-01-04 19:18:00+00:00,182.66
AAPL,2024-01-04 19:19:00+00:00,182.53
AAPL,2024-01-04 19:20:00+00:00,182.5382
AAPL,2024-01-04 19:21:00+00:00,182.5408
AAPL,2024-01-04 19:22:00+00:00,182.56
AAPL,2024-01-04 19:23:00+00:00,182.58
AAPL,2024-01-04 19:24:00+00:00,182.545
AAPL,2024-01-04 19:25:00+00:00,182.61
AAPL,2024-01-04 19:26:00+00:00,182.54
AAPL,2024-01-04 19:27:00+00:00,182.54
AAPL,2024-01-04 19:28:00+00:00,182.5999
AAPL,2024-01-04 19:29:00+00:00,182.5
AAPL,2024-01-04 19:30:00+00:00,182.45
AAPL,2024-01-04 19:31:00+00:00,182.47
AAPL,2024-01-04 19:32:00+00:00,182.5102
AAPL,2024-01-04 19:33:00+00:00,182.575
AAPL,2024-01-04 19:34:00+00:00,182.607
AAPL,2024-01-04 19:35:00+00:00,182.62
AAPL,2024-01-04 19:36:00+00:00,182.62
AAPL,2024-01-04 19:37:00+00:00,182.58
AAPL,2024-01-04 19:38:00+00:00,182.6
AAPL,2024-01-04 19:39:00+00:00,182.6401
AAPL,2024-01-04 19:40:00+00:00,182.585
AAPL,2024-01-04 19:41:00+00:00,182.5316
AAPL,2024-01-04 19:42:00+00:00,182.5247
AAPL,2024-01-04 19:43:00+00:00,182.455
AAPL,2024-01-04 19:44:00+00:00,182.41
AAPL,2024-01-04 19:45:00+00:00,182.34
AAPL,2024-01-04 19:46:00+00:00,182.37
AAPL,2024-01-04 19:47:00+00:00,182.35
AAPL,2024-01-04 19:48:00+00:00,182.345
AAPL,2024-01-04 19:49:00+00:00,182.365
AAPL,2024-01-04 19:50:00+00:00,182.44
AAPL,2024-01-04 19:51:00+00:00,182.48
AAPL,2024-01-04 19:52:00+00:00,182.47
AAPL,2024-01-04 19:53:00+00:00,182.41
AAPL,2024-01-04 19:54:00+00:00,182.44
AAPL,2024-01-04 19:55:00+00:00,182.445
AAPL,2024-01-04 19:56:00+00:00,182.44
AAPL,2024-01-04 19:57:00+00:00,182.39
AAPL,2024-01-04 19:58:00+00:00,182.3292
AAPL,2024-01-04 19:59:00+00:00,182.3
AAPL,2024-01-04 20:00:00+00:00,182.305
AAPL,2024-01-04 20:01:00+00:00,182.3
AAPL,2024-01-04 20:02:00+00:00,182.33
AAPL,2024-01-04 20:03:00+00:00,182.24
AAPL,2024-01-04 20:04:00+00:00,182.24
AAPL,2024-01-04 20:05:00+00:00,182.33
AAPL,2024-01-04 20:06:00+00:00,182.3722
AAPL,2024-01-04 20:07:00+00:00,182.395
AAPL,2024-01-04 20:08:00+00:00,182.455
AAPL,2024-01-04 20:09:00+00:00,182.4832
AAPL,2024-01-04 20:10:00+00:00,182.5484
AAPL,2024-01-04 20:11:00+00:00,182.435
AAPL,2024-01-04 20:12:00+00:00,182.34
AAPL,2024-01-04 20:13:00+00:00,182.335
AAPL,2024-01-04 20:14:00+00:00,182.265
AAPL,2024-01-04 20:15:00+00:00,182.17
AAPL,2024-01-04 20:16:00+00:00,182.0871
AAPL,2024-01-04 20:17:00+00:00,182.1
AAPL,2024-01-04 20:18:00+00:00,182.0885
AAPL,2024-01-04 20:19:00+00:00,182.1161
AAPL,2024-01-04 20:20:00+00:00,182.125
AAPL,2024-01-04 20:21:00+00:00,182.095
AAPL,2024-01-04 20:22:00+00:00,182.04
AAPL,2024-01-04 20:23:00+00:00,182.054
AAPL,2024-01-04 20:24:00+00:00,182.005
AAPL,2024-01-04 20:25:00+00:00,182.015
AAPL,2024-01-04 20:26:00+00:00,181.925
AAPL,2024-01-04 20:27:00+00:00,181.915
AAPL,2024-01-04 20:28:00+00:00,181.93
AAPL,2024-01-04 20:29:00+00:00,181.9401
AAPL,2024-01-04 20:30:00+00:00,182.0
AAPL,2024-01-04 20:31:00+00:00,182.105
AAPL,2024-01-04 20:32:00+00:00,182.27
AAPL,2024-01-04 20:33:00+00:00,182.36
AAPL,2024-01-04 20:34:00+00:00,182.27
AAPL,2024-01-04 20:35:00+00:00,182.31
AAPL,2024-01-04 20:36:00+00:00,182.245
AAPL,2024-01-04 20:37:00+00:00,182.165
AAPL,2024-01-04 20:38:00+00:00,182.21
AAPL,2024-01-04 20:39:00+00:00,182.2399
AAPL,2024-01-04 20:40:00+00:00,182.2483
AAPL,2024-01-04 20:41:00+00:00,182.23
AAPL,2024-01-04 20:42:00+00:00,182.215
AAPL,2024-01-04 20:43:00+00:00,182.085
AAPL,2024-01-04 20:44:00+00:00,182.1402
AAPL,2024-01-04 20:45:00+00:00,182.1618
AAPL,2024-01-04 20:46:00+00:00,182.22
AAPL,2024-01-04 20:47:00+00:00,182.06
AAPL,2024-01-04 20:48:00+00:00,181.965
AAPL,2024-01-04 20:49:00+00:00,181.79
AAPL,2024-01-04 20:50:00+00:00,181.675
AAPL,2024-01-04 20:51:00+00:00,181.755
AAPL,2024-01-04 20:52:00+00:00,181.705
AAPL,2024-01-04 20:53:00+00:00,181.72
AAPL,2024-01-04 20:54:00+00:00,181.735
AAPL,2024-01-04 20:55:00+00:00,181.855
AAPL,2024-01-04 20:56:00+00:00,181.9
AAPL,2024-01-04 20:57:00+00:00,181.935
AAPL,2024-01-04 20:58:00+00:00,182.035
AAPL,2024-01-04 20:59:00+00:00,181.92
AAPL,2024-01-04 21:00:00+00:00,181.92
AAPL,2024-01-04 21:01:00+00:00,181.98
AAPL,2024-01-04 21:02:00+00:00,182.01
AAPL,2024-01-04 21:03:00+00:00,181.99
AAPL,2024-01-04 21:04:00+00:00,182.03
AAPL,2024-01-04 21:05:00+00:00,182.06
AAPL,2024-01-04 21:06:00+00:00,181.91
AAPL,2024-01-04 21:07:00+00:00,182.01
AAPL,2024-01-04 21:08:00+00:00,182.01
AAPL,2024-01-04 21:09:00+00:00,181.97
AAPL,2024-01-04 21:10:00+00:00,181.94
AAPL,2024-01-04 21:11:00+00:00,181.92
AAPL,2024-01-04 21:12:00+00:00,181.93
AAPL,2024-01-04 21:13:00+00:00,181.91
AAPL,2024-01-04 21:14:00+00:00,181.9101
AAPL,2024-01-04 21:15:00+00:00,181.92
AAPL,2024-01-04 21:16:00+00:00,181.95
AAPL,2024-01-04 21:17:00+00:00,181.94
AAPL,2024-01-04 21:18:00+00:00,181.9303
AAPL,2024-01-04 21:19:00+00:00,181.93
AAPL,2024-01-04 21:20:00+00:00,181.92
AAPL,2024-01-04 21:21:00+00:00,181.91
AAPL,2024-01-04 21:23:00+00:00,181.94
AAPL,2024-01-04 21:24:00+00:00,181.94
AAPL,2024-01-04 21:25:00+00:00,181.96
AAPL,2024-01-04 21:26:00+00:00,181.96
AAPL,2024-01-04 21:28:00+00:00,181.96
AAPL,2024-01-04 21:29:00+00:00,181.98
AAPL,2024-01-04 21:30:00+00:00,181.98
AAPL,2024-01-04 21:31:00+00:00,181.98
AAPL,2024-01-04 21:32:00+00:00,181.96
AAPL,2024-01-04 21:33:00+00:00,181.9697
AAPL,2024-01-04 21:35:00+00:00,181.91
AAPL,2024-01-04 21:37:00+00:00,181.95
AAPL,2024-01-04 21:38:00+00:00,181.93
AAPL,2024-01-04 21:39:00+00:00,181.94
AAPL,2024-01-04 21:40:00+00:00,181.93
AAPL,2024-01-04 21:41:00+00:00,181.9398
AAPL,2024-01-04 21:42:00+00:00,181.94
AAPL,2024-01-04 21:43:00+00:00,181.95
AAPL,2024-01-04 21:44:00+00:00,181.9302
AAPL,2024-01-04 21:45:00+00:00,181.94
AAPL,2024-01-04 21:46:00+00:00,181.95
AAPL,2024-01-04 21:47:00+00:00,181.94
AAPL,2024-01-04 21:48:00+00:00,181.94
AAPL,2024-01-04 21:50:00+00:00,181.94
AAPL,2024-01-04 21:51:00+00:00,181.94
AAPL,2024-01-04 21:52:00+00:00,181.94
AAPL,2024-01-04 21:53:00+00:00,181.95
AAPL,2024-01-04 21:54:00+00:00,181.93
AAPL,2024-01-04 21:55:00+00:00,181.93
AAPL,2024-01-04 21:56:00+00:00,181.92
AAPL,2024-01-04 21:57:00+00:00,181.9
AAPL,2024-01-04 21:58:00+00:00,181.88
AAPL,2024-01-04 21:59:00+00:00,181.83
AAPL,2024-01-04 22:00:00+00:00,181.82
AAPL,2024-01-04 22:01:00+00:00,181.79
AAPL,2024-01-04 22:02:00+00:00,181.72
AAPL,2024-01-04 22:03:00+00:00,181.71
AAPL,2024-01-04 22:04:00+00:00,181.72
AAPL,2024-01-04 22:05:00+00:00,181.72
AAPL,2024-01-04 22:06:00+00:00,181.72
AAPL,2024-01-04 22:07:00+00:00,181.74
AAPL,2024-01-04 22:08:00+00:00,181.75
AAPL,2024-01-04 22:09:00+00:00,181.76
AAPL,2024-01-04 22:12:00+00:00,181.75
AAPL,2024-01-04 22:13:00+00:00,181.7353
AAPL,2024-01-04 22:14:00+00:00,181.76
AAPL,2024-01-04 22:15:00+00:00,181.76
AAPL,2024-01-04 22:16:00+00:00,181.78
AAPL,2024-01-04 22:17:00+00:00,181.8
AAPL,2024-01-04 22:18:00+00:00,181.8
AAPL,2024-01-04 22:19:00+00:00,181.77
AAPL,2024-01-04 22:20:00+00:00,181.8
AAPL,2024-01-04 22:21:00+00:00,181.85
AAPL,2024-01-04 22:25:00+00:00,181.81
AAPL,2024-01-04 22:26:00+00:00,181.84
AAPL,2024-01-04 22:28:00+00:00,181.8108
AAPL,2024-01-04 22:29:00+00:00,181.81
AAPL,2024-01-04 22:30:00+00:00,181.83
AAPL,2024-01-04 22:31:00+00:00,181.86
AAPL,2024-01-04 22:33:00+00:00,181.88
AAPL,2024-01-04 22:37:00+00:00,181.88
AAPL,2024-01-04 22:38:00+00:00,181.887
AAPL,2024-01-04 22:39:00+00:00,181.91
AAPL,2024-01-04 22:42:00+00:00,181.88
AAPL,2024-01-04 22:43:00+00:00,181.86
AAPL,2024-01-04 22:44:00+00:00,181.88
AAPL,2024-01-04 22:46:00+00:00,181.87
AAPL,2024-01-04 22:49:00+00:00,181.88
AAPL,2024-01-04 22:51:00+00:00,181.8999
AAPL,2024-01-04 22:52:00+00:00,181.8897
AAPL,2024-01-04 22:53:00+00:00,181.87
AAPL,2024-01-04 22:55:00+00:00,181.89
AAPL,2024-01-04 22:58:00+00:00,181.9
AAPL,2024-01-04 23:00:00+00:00,181.91
AAPL,2024-01-04 23:01:00+00:00,181.98
AAPL,2024-01-04 23:02:00+00:00,181.9152
AAPL,2024-01-04 23:03:00+00:00,181.95
AAPL,2024-01-04 23:06:00+00:00,181.92
AAPL,2024-01-04 23:08:00+00:00,181.96
AAPL,2024-01-04 23:09:00+00:00,181.92
AAPL,2024-01-04 23:10:00+00:00,181.92
AAPL,2024-01-04 23:11:00+00:00,181.9592
AAPL,2024-01-04 23:12:00+00:00,181.96
AAPL,2024-01-04 23:13:00+00:00,181.99
AAPL,2024-01-04 23:14:00+00:00,181.99
AAPL,2024-01-04 23:15:00+00:00,181.99
AAPL,2024-01-04 23:16:00+00:00,182.03
AAPL,2024-01-04 23:17:00+00:00,182.0
AAPL,2024-01-04 23:21:00+00:00,182.0
AAPL,2024-01-04 23:22:00+00:00,182.09
AAPL,2024-01-04 23:23:00+00:00,182.097
AAPL,2024-01-04 23:25:00+00:00,182.08
AAPL,2024-01-04 23:26:00+00:00,182.02
AAPL,2024-01-04 23:27:00+00:00,182.09
AAPL,2024-01-04 23:28:00+00:00,182.0
AAPL,2024-01-04 23:29:00+00:00,182.01
AAPL,2024-01-04 23:30:00+00:00,182.01
AAPL,2024-01-04 23:31:00+00:00,182.03
AAPL,2024-01-04 23:32:00+00:00,182.0
AAPL,2024-01-04 23:33:00+00:00,182.0
AAPL,2024-01-04 23:34:00+00:00,182.0381
AAPL,2024-01-04 23:36:00+00:00,182.03
AAPL,2024-01-04 23:37:00+00:00,182.01
AAPL,2024-01-04 23:38:00+00:00,182.03
AAPL,2024-01-04 23:39:00+00:00,182.01
AAPL,2024-01-04 23:48:00+00:00,182.08
AAPL,2024-01-04 23:50:00+00:00,181.93
AAPL,2024-01-04 23:51:00+00:00,181.91
AAPL,2024-01-04 23:53:00+00:00,181.9675
AAPL,2024-01-04 23:55:00+00:00,181.93
AAPL,2024-01-04 23:56:00+00:00,181.86
AAPL,2024-01-04 23:58:00+00:00,181.88
